Air temperature [K],Process temperature [K],Rotational speed [rpm],Torque [Nm],Tool wear [min],Type_M,Type_H,target
-0.7539618,-1.0856621,0.40140614,-0.38959914,1.0425571,0.0,0.0,0
-0.80404395,-0.5448801,3.1974244,-2.2261245,1.6085234,1.0,0.0,0
-1.3549476,-1.0856621,1.7938896,-1.6871443,-0.27803096,0.0,0.0,0
0.047352675,-0.13929361,-0.60427636,1.6665108,-1.0012101,1.0,0.0,0
0.097434826,0.94227034,-0.62085354,-0.030278964,1.3884254,0.0,1.0,0
0.798585,0.40148836,0.3295717,-0.38959914,1.5770808,0.0,1.0,0
0.4480099,1.3478569,-0.7589967,1.0676439,1.2154913,0.0,1.0,0
-1.2547833,-0.9504666,0.3129945,-0.39958027,0.52375466,1.0,0.0,0
0.39792776,-0.2744891,-0.22852685,0.5785691,-0.95404625,1.0,0.0,0
-0.8541261,-1.0856621,0.29641733,-0.2997691,1.0425571,1.0,0.0,0
0.74850285,0.53668386,-0.8695113,1.2373228,0.9010655,1.0,0.0,0
0.24768129,-0.071695864,1.0810707,-1.2978808,-0.010769081,0.0,1.0,0
-1.2547833,-1.4236509,0.025656646,-0.20993906,0.44514823,0.0,1.0,0
-1.7055227,-1.6940418,1.075545,-1.2978808,-0.9068824,0.0,1.0,0
-0.7038796,-0.13929361,0.9097731,-1.1681262,-0.6867844,1.0,0.0,0
-0.6037153,-0.20689136,-1.1236948,1.0277194,-1.0012101,1.0,0.0,0
-1.154619,-0.4096846,-0.814254,0.40889016,0.5080334,1.0,0.0,0
0.34784558,-0.34208685,-0.17326955,-0.010316731,-0.7653908,1.0,0.0,0
-0.6037153,-0.13929361,-0.42192733,-0.00033561504,-0.27803096,1.0,0.0,0
0.097434826,-0.34208685,-0.571122,0.87800264,0.42942694,1.0,0.0,0
1.800228,1.2126614,0.15274839,-0.82876825,-0.16798195,1.0,0.0,0
-0.45346886,0.26629287,-0.06828073,0.39890903,0.6495249,1.0,0.0,0
-1.3048655,-0.47728235,-1.1457977,1.3171717,0.11500121,1.0,0.0,0
0.34784558,0.6042816,-0.94134575,1.1175494,-0.7025057,0.0,1.0,0
-1.4050298,-0.8152711,-0.48823604,0.309079,-0.6238992,1.0,0.0,0
-1.6053584,-1.2884554,1.6778493,-1.577352,1.639966,0.0,1.0,0
-0.102893785,-0.13929361,-0.62085354,0.5186824,-0.026490368,0.0,1.0,0
1.3995708,0.67187935,-0.571122,0.34900346,-0.95404625,0.0,0.0,0
1.7501459,1.4154546,0.74400127,-0.9185983,-1.6929467,1.0,0.0,0
-0.7038796,-1.2208576,0.9152988,-1.3677486,1.089721,1.0,0.0,0
1.1992422,1.2126614,-1.2121065,1.6365675,-0.120818086,1.0,0.0,0
0.24768129,-0.47728235,0.19142848,-0.6491082,-0.1050968,1.0,0.0,0
-0.3032224,0.33389062,1.1584309,-1.1880884,1.1211635,1.0,0.0,0
1.8503102,1.8210411,2.4846056,-1.7570121,0.9167868,1.0,0.0,0
-1.3048655,-0.74767333,-0.9026657,-0.10014678,1.1526061,0.0,1.0,0
0.097434826,-0.13929361,-0.9137171,0.76821035,-1.5671765,0.0,0.0,0
-1.154619,-0.20689136,-0.22852685,0.09947555,1.0739996,1.0,0.0,0
-0.102893785,0.8746726,0.11406829,-0.45946696,1.1054423,1.0,0.0,0
-1.805687,-1.8292373,0.0035537337,-0.25984463,-0.5138503,0.0,0.0,0
0.59825635,0.40148836,-0.72031665,1.0876061,-0.6553418,1.0,0.0,0
0.29776344,0.40148836,2.1641133,-1.7969365,-1.3156358,1.0,0.0,0
-1.3048655,-0.8152711,0.18590276,-0.6091837,0.2407715,0.0,1.0,0
0.9989136,0.26629287,1.5949634,-1.3677486,-0.40380123,0.0,1.0,0
-1.3048655,-1.2208576,-0.7589967,0.9678327,-1.0483739,1.0,0.0,0
-1.2547833,-0.74767333,0.08091392,-0.5193537,1.5141957,1.0,0.0,0
0.14751698,1.2802591,0.38482895,-0.5992026,1.089721,1.0,0.0,0
0.5481742,0.7394771,-0.38324723,0.059551083,0.80673784,0.0,1.0,0
0.29776344,-0.34208685,1.8104668,-1.6971254,2.1116047,1.0,0.0,0
0.84866714,0.67187935,-0.16221811,0.77819145,-1.268472,0.0,1.0,0
-1.4050298,-1.4236509,0.5119207,-0.24986352,0.75957394,0.0,1.0,0
-0.3032224,0.6042816,-0.36667004,0.009645501,-1.5828977,0.0,1.0,0
-1.0544547,-1.4236509,-0.35009286,0.5186824,-0.26230967,1.0,0.0,0
-1.7556049,-1.7616396,-1.0463346,1.5567186,-0.60817796,0.0,1.0,0
-0.05281163,-0.47728235,0.44561198,-0.88865495,1.3884254,1.0,0.0,0
0.097434826,0.94227034,2.3243594,-1.9067289,-1.378521,0.0,1.0,0
0.24768129,-0.13929361,0.086439654,-0.110127896,0.9167868,0.0,1.0,0
-0.102893785,0.80707484,3.330042,-2.3359168,0.5709185,1.0,0.0,0
-0.0027294774,0.80707484,-0.6705851,0.7282859,-0.74966955,1.0,0.0,0
0.6483385,0.46908614,1.5452318,-1.4475975,-0.9697676,0.0,1.0,0
0.84866714,0.67187935,-0.01302345,-0.6491082,0.6023611,0.0,1.0,0
-0.7038796,-1.1532599,0.98160756,-1.1282017,-1.2370294,0.0,1.0,0
0.9989136,0.53668386,-0.86398554,1.0277194,1.9386704,1.0,0.0,1
2.050639,2.361823,-0.38324723,0.5785691,-0.3566374,0.0,1.0,0
0.4480099,0.8746726,0.3516746,-0.81878716,1.2940977,0.0,1.0,0
1.2493243,1.0098681,-0.2561555,-0.4894103,0.3665418,1.0,0.0,0
-0.15297593,-0.2744891,0.0753882,0.09947555,1.1211635,0.0,0.0,0
-0.55363315,0.06349964,1.5673348,-1.3877108,0.3665418,1.0,0.0,0
0.097434826,-0.0040981136,0.688744,-0.92857945,1.1211635,0.0,1.0,0
1.1992422,0.94227034,-0.17326955,0.119437784,-0.74966955,0.0,1.0,0
0.39792776,0.19869514,-1.4883928,2.0956988,-0.84399724,0.0,1.0,0
0.19759914,-0.20689136,0.8047843,-0.86869276,0.69668883,1.0,0.0,0
-0.102893785,-0.47728235,0.6832183,-0.47942922,1.5770808,0.0,1.0,0
1.2493243,0.19869514,-0.28378412,0.17932448,0.8224591,0.0,1.0,0
-0.05281163,-0.34208685,1.3242027,-1.3877108,0.9639507,1.0,0.0,0
0.49809206,1.3478569,-0.51033896,-0.31973132,-1.2055868,1.0,0.0,0
-0.55363315,-0.071695864,0.5837552,-0.8587116,-0.3409161,0.0,1.0,0
-2.2063441,-2.5728126,-1.5270729,2.1755478,-1.268472,1.0,0.0,0
0.9989136,0.46908614,3.4129279,-2.2161434,-1.4256848,0.0,1.0,0
-0.503551,0.40148836,1.3684086,-1.7769743,1.3255403,0.0,1.0,0
-1.2047012,-0.9504666,-1.5768045,0.5785691,-1.2055868,0.0,1.0,0
0.8987493,0.40148836,-0.92476857,1.4668885,-0.19942452,1.0,0.0,0
0.19759914,0.94227034,-0.62085354,1.0676439,0.22505021,0.0,0.0,0
-0.45346886,0.26629287,-0.112486556,0.5286636,-0.24658838,1.0,0.0,0
1.2493243,0.13109738,-0.34456712,0.15936224,-1.4414061,1.0,0.0,0
-0.65379745,-0.20689136,1.8159925,-1.6172764,0.16216508,0.0,1.0,0
1.0489957,0.8746726,-0.23405257,-0.16003348,-1.2527508,0.0,1.0,0
-0.25314024,-0.47728235,2.2193706,-1.747031,-1.4099636,1.0,0.0,0
-0.8541261,-1.0856621,-0.52691615,0.7482481,1.1054423,0.0,1.0,0
0.097434826,1.0774659,-0.16221811,0.7482481,0.6023611,0.0,1.0,0
-0.05281163,0.8746726,1.4512944,-1.5573897,0.6809675,1.0,0.0,0
0.6483385,0.7394771,0.11406829,-0.4694481,-0.828276,1.0,0.0,0
0.29776344,0.06349964,-0.3003613,0.98779494,-1.3942423,1.0,0.0,0
0.29776344,-0.2744891,0.79925853,-0.718976,-0.85971856,1.0,0.0,0
-0.25314024,-0.47728235,2.0038671,-1.5973142,0.6809675,0.0,1.0,0
1.8503102,1.8210411,-0.38877296,0.8480593,0.6180824,0.0,1.0,0
1.0489957,0.06349964,-0.8860885,0.81811595,0.9167868,0.0,1.0,1
1.0990779,0.40148836,-1.1347462,1.3171717,0.80673784,1.0,0.0,1
0.34784558,-0.34208685,-0.5545448,0.3789468,-1.0483739,0.0,1.0,0
-1.3048655,-1.0856621,-0.9302943,1.7363787,-0.8754398,1.0,0.0,0
0.34784558,1.1450636,-0.4385045,0.60851246,-1.4571275,1.0,0.0,0
-0.7539618,-0.34208685,-0.024074906,-0.020297848,-0.3251948,0.0,1.0,0
1.7501459,1.8210411,-0.6595336,0.907946,-1.0326527,0.0,1.0,0
-0.8541261,-0.4096846,0.15827411,-0.4195425,0.5080334,1.0,0.0,0
0.047352675,-0.61247784,1.0589678,-0.9585228,-0.24658838,0.0,1.0,0
-0.102893785,-0.2744891,-0.5821734,0.7981537,-0.40380123,0.0,1.0,0
-0.05281163,-0.34208685,0.15274839,-0.44948584,0.9953933,1.0,0.0,0
-0.15297593,-0.5448801,1.3352542,-1.0383717,1.4670318,1.0,0.0,0
-0.102893785,-0.4096846,-0.72584236,0.5586069,0.75957394,1.0,0.0,0
0.14751698,1.2126614,-0.17326955,0.309079,-0.7968334,1.0,0.0,0
-1.0043726,-1.2208576,-0.5379676,0.40889016,1.5141957,1.0,0.0,0
-0.7038796,-0.20689136,-0.42192733,-0.09016566,-0.6553418,0.0,0.0,0
-1.1045369,-1.7616396,2.0038671,-1.5673709,0.33509922,0.0,1.0,0
-0.7539618,-0.8828688,-0.9523972,0.7282859,-0.95404625,0.0,1.0,0
0.94883144,0.8746726,-0.09590937,-0.43950474,-0.7025057,0.0,1.0,0
0.84866714,0.53668386,0.45666343,-0.21992017,-1.6929467,1.0,0.0,0
-0.503551,0.26629287,-0.8695113,1.2972095,-0.29375222,1.0,0.0,0
-0.6037153,-0.9504666,0.24668576,-0.55927813,-1.0326527,1.0,0.0,0
1.3995708,1.4830524,-0.48271033,1.0277194,-0.74966955,0.0,1.0,0
1.7501459,1.6858456,-1.0297574,1.0975872,1.0111145,0.0,1.0,0
-0.9542904,-0.0040981136,-0.029600633,-0.6291459,-0.95404625,1.0,0.0,0
-1.1045369,-1.8292373,-0.12906374,0.009645501,0.9167868,0.0,0.0,0
0.798585,0.46908614,-0.45508167,0.77819145,-1.5828977,0.0,1.0,0
1.3494886,1.3478569,1.5949634,-1.5973142,-0.7025057,1.0,0.0,0
0.34784558,-0.2744891,-0.753471,1.1275306,1.0425571,0.0,0.0,0
-2.2063441,-2.6404104,0.61690956,-1.1880884,0.03639478,0.0,1.0,0
1.2994065,1.3478569,-0.9745001,0.568588,-0.26230967,0.0,1.0,0
-1.3048655,-0.9504666,1.9983416,-1.7869555,-0.41952252,0.0,1.0,0
0.74850285,0.33389062,-0.4771846,0.41887128,0.33509922,1.0,0.0,0
-0.6037153,0.33389062,-1.3557754,1.5766808,1.4827532,0.0,0.0,0
-2.1562622,-2.505215,0.8047843,-0.50937253,-0.37235868,0.0,1.0,0
-0.90420824,-1.4912486,0.24116004,-0.33969358,1.2154913,0.0,1.0,0
-0.25314024,-0.47728235,-0.34456712,0.03958885,0.47659078,1.0,0.0,0
-1.0544547,-0.9504666,-0.39429867,-0.39958027,0.9482294,1.0,0.0,0
1.9504745,2.15903,-1.0463346,0.71830475,-1.6615041,0.0,1.0,0
1.8503102,1.5506501,2.1143818,-1.6871443,1.3412615,1.0,0.0,0
1.4496529,1.6182479,2.1199076,-1.6072954,2.143047,1.0,0.0,0
-0.65379745,-0.071695864,-0.5821734,1.2972095,0.5709185,0.0,1.0,0
-0.80404395,-0.6800756,4.2252097,-2.4856336,-0.29375222,1.0,0.0,0
0.34784558,1.6182479,-0.45508167,0.71830475,-0.52957153,0.0,0.0,0
0.29776344,-0.2744891,-1.3778783,1.7363787,0.17788635,1.0,0.0,0
0.69842064,0.53668386,-0.9800258,1.3171717,-1.6300616,1.0,0.0,0
1.8503102,2.091432,1.0037105,-0.5193537,-0.9068824,1.0,0.0,0
-0.45346886,0.13109738,-0.63190496,1.2672662,0.72813135,1.0,0.0,0
-1.0043726,-1.5588464,-0.73136806,0.38892794,1.529917,1.0,0.0,0
-1.2547833,-1.0180644,-0.50481325,1.426964,-0.38807994,1.0,0.0,0
-1.0043726,-0.5448801,1.0589678,-1.1282017,-1.0955379,1.0,0.0,0
-0.8541261,-0.47728235,-0.76452243,1.1874173,-1.4728488,1.0,0.0,0
0.84866714,0.40148836,-0.8805627,0.5785691,-0.5924567,0.0,1.0,0
1.0990779,0.7394771,0.55612653,-0.718976,-0.48240766,0.0,1.0,0
0.4480099,0.53668386,-0.7589967,0.8081348,-1.3470784,0.0,1.0,0
-0.7539618,-1.2208576,0.13064548,0.45879573,0.86962295,0.0,0.0,0
0.34784558,0.80707484,-0.7755739,0.7881726,-0.43524382,1.0,0.0,0
-0.6037153,0.40148836,0.61690956,-0.6690704,-1.6929467,1.0,0.0,0
0.19759914,0.94227034,2.191742,-1.6072954,0.3665418,1.0,0.0,0
-0.9542904,-1.4236509,-1.3060437,1.3870395,-0.8754398,0.0,1.0,0
1.1992422,1.3478569,-0.34456712,-0.030278964,-1.4099636,0.0,0.0,0
1.14916,0.6042816,0.9429275,-0.9585228,1.7342937,0.0,1.0,1
1.7501459,1.7534434,0.34614888,-0.5792404,0.0049522053,1.0,0.0,0
-1.2547833,-0.9504666,-0.14011519,-0.30975023,0.41370565,1.0,0.0,0
-1.154619,-0.74767333,0.78268135,-1.1681262,0.1307225,0.0,1.0,0
1.14916,0.6042816,1.2302654,-1.5474087,-0.5452928,0.0,1.0,0
-0.05281163,0.13109738,-0.33351567,0.6284747,1.0268358,1.0,0.0,0
-0.6037153,-0.0040981136,-0.753471,0.5586069,1.2154913,1.0,0.0,0
-0.9542904,-1.6264441,2.9100866,-2.076408,0.66524625,0.0,1.0,0
0.94883144,0.33389062,-1.1015918,1.5666996,1.5141957,1.0,0.0,1
-1.3048655,-1.1532599,-0.31141275,0.1893056,-0.95404625,0.0,1.0,0
0.097434826,-0.34208685,0.1361712,-0.65908927,1.1840487,0.0,1.0,0
-1.455112,-1.2208576,-0.057229273,-0.20993906,1.1840487,0.0,1.0,0
-0.05281163,-0.34208685,1.2855226,-1.6472198,0.9325081,1.0,0.0,0
1.7501459,1.0098681,-0.024074906,-0.6690704,0.19360764,1.0,0.0,0
-0.65379745,-0.20689136,-1.3613011,1.9060576,0.27221408,1.0,0.0,0
-0.9542904,-1.6264441,0.14169693,-0.36963692,0.5080334,0.0,1.0,0
0.097434826,1.2126614,-0.571122,0.81811595,1.0582784,1.0,0.0,0
-1.5051941,-1.4236509,-0.33351567,-0.08018455,0.6809675,1.0,0.0,0
2.2008853,2.4970186,0.3737775,-0.6491082,-1.6143403,1.0,0.0,0
2.050639,2.15903,-0.5821734,1.0077572,-1.0169314,1.0,0.0,0
-1.0544547,-1.3560531,-1.3447239,2.28534,-1.0483739,1.0,0.0,0
1.0990779,1.0098681,1.0258135,-0.5992026,0.97967196,1.0,0.0,0
0.14751698,1.2126614,0.3737775,-0.6291459,1.4355893,0.0,1.0,0
-1.2547833,-0.47728235,0.13064548,-0.38959914,-0.120818086,0.0,0.0,0
0.59825635,0.6042816,-0.3998244,-0.28978798,0.7124101,1.0,0.0,0
0.4480099,0.40148836,0.32404596,-0.45946696,1.2312125,1.0,0.0,0
-2.1562622,-2.5728126,-0.44955596,0.059551083,-0.07365423,1.0,0.0,0
1.14916,0.13109738,-0.80320257,1.5367563,-0.7968334,1.0,0.0,0
0.8987493,-0.0040981136,-0.8087283,0.48873907,1.5770808,1.0,0.0,0
-2.1562622,-2.5728126,-0.44955596,0.9778138,0.6809675,0.0,0.0,0
0.6483385,0.40148836,-0.06828073,0.39890903,0.099279925,0.0,0.0,0
0.69842064,0.67187935,-0.29483557,-0.3496747,-0.26230967,0.0,1.0,0
0.84866714,0.7394771,0.5782294,-0.718976,1.5456383,1.0,0.0,0
-0.8541261,-1.4236509,-0.1787953,0.119437784,0.6495249,1.0,0.0,0
1.4496529,1.5506501,1.1860595,-1.3078618,1.5928022,0.0,0.0,0
-0.6037153,-0.13929361,-0.34456712,0.66839916,-0.7653908,0.0,1.0,0
0.19759914,1.0098681,0.67769253,-1.0982584,0.46086952,0.0,0.0,0
0.34784558,0.40148836,-1.0518603,1.4469262,-1.3942423,0.0,1.0,0
-1.4050298,-1.1532599,0.64453816,-0.9685039,0.2564928,1.0,0.0,0
-0.503551,-0.071695864,-0.7092652,0.46877685,-0.21514581,1.0,0.0,0
-0.6037153,-0.8828688,-0.52139044,0.8480593,-0.5924567,1.0,0.0,0
1.0990779,0.8746726,1.1584309,-1.0782962,-1.6143403,0.0,0.0,0
-0.65379745,-0.20689136,0.34062314,-0.42952362,1.0739996,1.0,0.0,0
1.5498173,1.6182479,-0.74794525,2.1456044,0.30365664,1.0,0.0,1
-0.90420824,-0.74767333,1.0921222,-1.4475975,-1.2841933,1.0,0.0,0
-0.90420824,-1.4912486,-0.9081914,0.65841806,1.2626551,1.0,0.0,0
0.14751698,1.2802591,0.76057845,-0.9185983,-0.938325,0.0,1.0,0
0.6483385,0.67187935,-1.057386,0.44881463,-0.4666864,1.0,0.0,0
-1.455112,-1.0856621,-0.64848214,0.20926782,0.63380367,1.0,0.0,0
-0.8541261,-0.5448801,-0.4606074,0.54862577,-0.5138503,1.0,0.0,0
-0.65379745,-0.071695864,0.4511377,-0.5892215,0.3508205,1.0,0.0,0
-0.0027294774,0.94227034,0.27984014,-0.6391271,-1.6143403,1.0,0.0,0
-1.3549476,-1.0856621,-0.6761108,0.77819145,-1.2055868,1.0,0.0,0
-0.2030581,-0.61247784,-0.73136806,1.0576627,-0.3566374,1.0,0.0,0
2.0005567,2.15903,-0.6816365,0.59853137,0.31937793,1.0,0.0,0
1.9003923,2.0238342,0.51744646,-0.70899487,1.5613595,1.0,0.0,0
-0.15297593,-0.5448801,0.8047843,-1.1082395,1.1211635,0.0,1.0,1
-0.9542904,-1.3560531,-0.9137171,0.87800264,0.75957394,0.0,1.0,0
0.9989136,0.40148836,-0.9855516,0.66839916,1.1683275,1.0,0.0,0
-1.8557692,-1.8968351,-0.6374307,0.19928671,1.3884254,0.0,0.0,0
0.19759914,0.67187935,0.30746877,-0.45946696,-1.4571275,0.0,1.0,0
0.047352675,0.33389062,-0.04065209,-0.39958027,0.020673491,1.0,0.0,0
-0.6037153,0.13109738,0.24116004,-0.42952362,0.1307225,0.0,1.0,0
0.24768129,-0.071695864,2.5122342,-2.0165212,1.2783765,0.0,1.0,0
0.34784558,0.40148836,2.578543,-2.0863888,-0.08937551,0.0,1.0,0
-1.0043726,-0.4096846,-1.4552385,2.5847735,-0.9068824,0.0,1.0,0
-0.3032224,-0.47728235,0.8434644,-1.1581451,1.4670318,0.0,1.0,0
0.8987493,0.53668386,0.20247994,-0.14007124,-1.0955379,1.0,0.0,0
1.14916,0.94227034,1.744158,-1.6072954,-1.0169314,0.0,1.0,0
0.39792776,0.53668386,-0.29483557,0.568588,0.6023611,1.0,0.0,0
0.6483385,0.46908614,-0.81977975,1.247304,-0.73394823,0.0,1.0,0
-0.90420824,-1.4236509,-0.42745304,0.54862577,0.9953933,0.0,0.0,0
0.19759914,-0.0040981136,0.11406829,0.22923006,1.2312125,0.0,1.0,0
0.94883144,0.6042816,-0.6540079,0.6184936,-1.2841933,0.0,1.0,0
-0.0027294774,-0.2744891,0.49534354,-0.76888156,-0.29375222,0.0,0.0,0
0.34784558,0.80707484,1.2689455,-1.3477863,-0.7025057,0.0,1.0,0
1.3494886,1.2802591,-0.83083117,0.64843696,-1.4571275,1.0,0.0,0
-0.2030581,0.40148836,0.567178,-0.4894103,0.6495249,1.0,0.0,0
-0.55363315,0.06349964,-0.5379676,0.7981537,1.1526061,1.0,0.0,0
0.4480099,0.40148836,-0.0074977223,-0.32971245,-1.6457828,1.0,0.0,0
1.9003923,1.8210411,0.086439654,-0.65908927,0.31937793,0.0,1.0,0
1.800228,1.6182479,-0.6705851,0.59853137,0.31937793,1.0,0.0,0
0.19759914,-0.13929361,-0.60427636,0.33902234,1.419868,0.0,1.0,0
-0.8541261,-0.2744891,0.0367081,-0.37961805,1.089721,0.0,0.0,0
1.4496529,1.7534434,-0.80320257,0.6384558,-0.40380123,0.0,1.0,0
-0.55363315,0.33389062,0.55612653,-1.0782962,1.3727041,1.0,0.0,0
0.29776344,0.6042816,-0.3777215,-0.20993906,-0.3409161,1.0,0.0,0
1.3494886,1.4154546,0.1361712,-0.7888438,1.2626551,0.0,1.0,0
0.74850285,0.40148836,2.534337,-1.9765967,1.6085234,1.0,0.0,0
0.047352675,1.0774659,0.74400127,-1.0383717,-0.3566374,0.0,0.0,0
2.050639,2.2266276,-0.5600705,0.54862577,1.2626551,1.0,0.0,0
-0.7038796,-0.13929361,-0.6650593,0.48873907,0.11500121,0.0,1.0,0
-1.3549476,-1.0856621,-0.44403023,-0.060222313,-0.7653908,1.0,0.0,0
0.84866714,0.19869514,1.3684086,-1.3278241,-1.1741443,0.0,1.0,0
1.2493243,0.94227034,0.74400127,-1.2978808,1.8129002,1.0,0.0,0
-1.0544547,-0.9504666,0.83793867,-1.0383717,0.1307225,1.0,0.0,0
0.19759914,-0.20689136,0.8434644,-1.2579563,0.11500121,1.0,0.0,0
0.14751698,1.1450636,-0.73689383,0.7482481,-1.4728488,1.0,0.0,0
-0.65379745,-0.0040981136,0.53954935,-0.81878716,-1.0326527,1.0,0.0,0
0.29776344,0.26629287,-0.45508167,0.76821035,0.19360764,1.0,0.0,0
-0.503551,0.13109738,0.4898178,-0.4195425,-0.6867844,0.0,1.0,0
-0.25314024,-0.5448801,-0.24510403,0.15936224,-1.4256848,0.0,1.0,0
1.1992422,0.7394771,-0.95792294,1.4369452,-1.6929467,0.0,1.0,0
0.94883144,0.67187935,0.567178,-0.6890327,0.28793535,1.0,0.0,0
-0.8541261,-1.2884554,-1.1789521,1.8361897,-0.27803096,1.0,0.0,0
-1.3549476,-0.8152711,-0.38877296,0.40889016,0.66524625,0.0,1.0,0
-1.4050298,-1.0180644,-0.63190496,0.5785691,0.020673491,0.0,1.0,0
1.7501459,1.5506501,0.24668576,-0.47942922,-0.52957153,1.0,0.0,0
-1.4050298,-1.1532599,-0.5987506,0.3689657,-0.9697676,0.0,1.0,0
1.0990779,0.8746726,-0.3556186,0.8580404,-0.05793294,1.0,0.0,0
-0.05281163,-0.5448801,-0.26720694,0.42885238,1.6714085,1.0,0.0,0
-1.455112,-1.2208576,-1.0629117,1.0776249,-0.92260367,1.0,0.0,0
-0.503551,-0.9504666,-0.8916142,0.77819145,0.86962295,1.0,0.0,0
-1.9058512,-1.8968351,-0.83083117,0.8580404,-1.5828977,0.0,1.0,0
1.0489957,0.33389062,-0.83083117,0.9578515,0.9639507,1.0,0.0,0
0.6483385,0.06349964,-0.38877296,-0.030278964,1.1211635,0.0,0.0,0
1.3494886,1.3478569,-0.30588704,0.14938113,-0.6710631,0.0,0.0,0
1.2493243,0.26629287,-0.62085354,0.6783803,1.1211635,1.0,0.0,0
1.4997351,1.8210411,-0.62637925,0.6783803,-0.13653937,0.0,1.0,0
1.1992422,0.6042816,0.11406829,-0.81878716,1.0111145,1.0,0.0,0
-1.455112,-1.0856621,0.020130917,-0.04026008,1.529917,1.0,0.0,0
0.84866714,0.46908614,1.7773124,-1.8168988,-0.37235868,0.0,1.0,0
0.4480099,0.46908614,-0.48271033,0.7282859,-1.2999146,0.0,1.0,0
0.798585,0.40148836,0.40693188,0.2491923,-0.16798195,1.0,0.0,0
0.4480099,1.4154546,-0.64295644,0.019626617,-0.7025057,1.0,0.0,0
-0.45346886,-1.0856621,0.020130917,-0.20993906,0.3508205,1.0,0.0,0
0.14751698,-0.071695864,0.76057845,-0.98846614,0.3508205,0.0,0.0,0
1.3995708,0.7394771,0.13064548,-0.7788627,-0.4666864,1.0,0.0,0
1.0489957,0.8746726,-0.6871623,0.40889016,-1.0169314,1.0,0.0,0
0.14751698,1.2802591,0.8434644,-0.8487305,1.2469338,1.0,0.0,0
0.94883144,0.80707484,-0.94134575,0.9778138,-0.6553418,1.0,0.0,0
-0.55363315,0.19869514,-1.6375874,2.2953212,0.86962295,0.0,0.0,0
-1.5552763,-1.4912486,0.09749111,-0.18997683,0.42942694,1.0,0.0,0
0.24768129,-0.34208685,1.4126143,-1.2280129,0.14644378,1.0,0.0,0
-1.0544547,-0.61247784,-0.1787953,-0.30975023,-1.48857,1.0,0.0,0
-0.35330456,0.46908614,-0.9137171,0.88798374,1.7971789,0.0,1.0,0
-0.7038796,-0.47728235,0.89872164,-1.2379941,0.55519724,1.0,0.0,0
1.14916,0.8746726,0.6224353,-0.718976,0.0049522053,1.0,0.0,0
-0.65379745,0.19869514,-0.32246423,0.14938113,-0.38807994,0.0,1.0,0
1.7000637,1.5506501,-0.20642392,-0.39958027,-0.60817796,1.0,0.0,0
-0.90420824,-1.4912486,-0.83635694,0.8580404,-0.49812895,1.0,0.0,0
1.14916,0.6042816,-0.753471,0.71830475,1.0268358,1.0,0.0,0
1.0990779,0.8746726,-0.9081914,0.6983425,-0.15226066,0.0,1.0,0
-0.6037153,-0.9504666,0.1748513,-0.6291459,-0.73394823,0.0,1.0,0
-1.2547833,-1.2208576,5.0209146,-2.6153882,-1.2370294,0.0,1.0,0
0.19759914,1.0774659,-1.8751937,3.6527529,-1.6457828,1.0,0.0,1
-0.3032224,-0.6800756,0.40693188,-0.7788627,1.1054423,1.0,0.0,0
0.14751698,-0.61247784,0.88214445,-0.9685039,1.1054423,1.0,0.0,0
-1.6053584,-1.3560531,0.24668576,0.03958885,1.8757852,1.0,0.0,0
0.097434826,-0.13929361,0.6113838,-1.0383717,-1.48857,1.0,0.0,0
-1.0544547,-0.34208685,-0.82530546,0.7881726,0.30365664,1.0,0.0,0
-1.3048655,-1.0856621,1.37946,-1.497503,1.6085234,0.0,1.0,0
0.6483385,0.19869514,0.086439654,0.119437784,0.3665418,1.0,0.0,0
-0.503551,-0.8152711,-0.24510403,-0.16003348,-0.5138503,1.0,0.0,0
-0.7539618,-1.3560531,-0.85845983,1.9459821,-1.268472,1.0,0.0,0
0.74850285,0.33389062,0.26326296,-0.6191648,-0.7968334,0.0,0.0,0
0.34784558,1.4830524,-1.1292205,0.89796484,-0.71822697,0.0,0.0,0
-1.3549476,-1.1532599,0.30746877,-0.7788627,-1.2370294,0.0,1.0,0
-0.7539618,-0.2744891,0.18037702,-0.69901377,0.30365664,0.0,1.0,0
0.74850285,0.33389062,4.1865296,-2.4157658,1.309819,1.0,0.0,0
-1.4050298,-1.0180644,0.627961,-0.6690704,1.5613595,0.0,0.0,0
-1.2547833,-0.74767333,1.0479163,-1.1880884,1.2783765,1.0,0.0,0
1.14916,0.80707484,-0.84740835,1.347115,-0.7653908,1.0,0.0,0
-0.6037153,0.40148836,0.34614888,-0.09016566,1.6242447,1.0,0.0,0
-0.90420824,-1.5588464,0.8213615,-0.75890046,-0.26230967,1.0,0.0,0
1.0990779,1.1450636,0.24668576,-0.37961805,-0.7025057,0.0,1.0,0
-1.0043726,-1.4912486,-0.4771846,-0.2299013,0.17788635,1.0,0.0,0
-0.7539618,-0.47728235,-0.41087586,0.23921117,1.0268358,0.0,1.0,0
0.34784558,0.6042816,0.6113838,-1.058334,-0.08937551,1.0,0.0,0
-0.6037153,-0.13929361,-0.16221811,0.41887128,-1.1427017,0.0,0.0,0
0.49809206,0.6042816,1.2468425,-1.577352,1.1211635,0.0,1.0,0
-1.1045369,-1.0180644,-0.28378412,0.1893056,1.3884254,0.0,1.0,0
0.59825635,0.06349964,0.10301684,-0.7389382,-1.158423,0.0,1.0,0
-0.55363315,-1.0180644,-0.029600633,0.28911677,0.20932893,0.0,1.0,0
-0.55363315,-0.2744891,0.2743144,-0.5792404,1.4041467,1.0,0.0,0
-2.2063441,-2.708008,-0.7921511,1.2373228,-1.6929467,0.0,0.0,0
1.2994065,0.67187935,0.28536585,-0.6091837,0.17788635,0.0,1.0,0
-0.7539618,-1.2208576,-0.52691615,0.049569968,0.97967196,1.0,0.0,0
0.097434826,1.0774659,-1.2010549,1.0876061,1.6871299,1.0,0.0,0
0.097434826,-0.47728235,-1.0905404,0.8680215,-0.6238992,0.0,0.0,0
1.5498173,1.5506501,0.46218917,-0.8387494,-0.1050968,0.0,1.0,0
-1.0544547,-1.6264441,-0.6705851,0.29909787,1.5613595,0.0,0.0,0
-0.55363315,-0.0040981136,0.10854256,-0.65908927,-0.78111213,1.0,0.0,0
1.7000637,1.8886389,-0.11801228,-0.13009013,-0.07365423,0.0,1.0,0
-0.05281163,-0.34208685,-1.0518603,1.1275306,1.0739996,1.0,0.0,0
-1.0043726,-0.8828688,-0.15669237,0.5785691,0.099279925,1.0,0.0,0
0.74850285,0.33389062,0.53402364,-1.1282017,-0.026490368,1.0,0.0,0
0.34784558,0.67187935,-0.8971399,0.98779494,0.2564928,1.0,0.0,0
0.84866714,0.46908614,2.6724803,-1.9067289,-1.6143403,1.0,0.0,0
-1.0043726,-1.2208576,0.44561198,-0.4195425,-1.6143403,1.0,0.0,0
1.7000637,1.4830524,2.3906682,-1.6472198,-0.7653908,0.0,1.0,0
-0.9542904,-1.2884554,-0.48271033,0.07951332,-0.81255466,0.0,1.0,0
0.24768129,0.94227034,-0.5379676,0.6983425,-0.85971856,1.0,0.0,0
1.800228,1.7534434,-0.571122,0.19928671,0.03639478,0.0,0.0,0
-1.455112,-1.0856621,0.26878867,-0.65908927,1.5141957,0.0,1.0,0
0.59825635,0.46908614,2.274628,-1.8668044,-1.0012101,1.0,0.0,0
-1.2547833,-0.8828688,1.2247396,-1.3777297,0.88534427,1.0,0.0,0
-0.15297593,-0.5448801,-0.7092652,0.60851246,1.0268358,1.0,0.0,0
1.5498173,1.6182479,-0.73136806,0.119437784,-0.010769081,1.0,0.0,0
0.14751698,0.26629287,-0.2561555,-0.24986352,1.750015,1.0,0.0,0
-0.90420824,-0.6800756,-1.0960661,0.3789468,0.9953933,1.0,0.0,0
1.0489957,0.6042816,0.6997955,-0.92857945,1.4984744,1.0,0.0,0
1.4496529,1.7534434,-1.1679006,1.9859066,-1.3156358,1.0,0.0,0
-1.0043726,-0.8828688,0.47876635,-0.32971245,1.6085234,1.0,0.0,0
0.6483385,0.40148836,0.11406829,-0.31973132,0.083558634,1.0,0.0,0
0.4480099,0.6042816,-0.23405257,0.31906012,-0.71822697,1.0,0.0,0
1.8503102,1.6182479,-0.74794525,0.65841806,0.17788635,1.0,0.0,0
0.047352675,0.94227034,2.0646503,-1.8069177,-1.4571275,0.0,1.0,0
2.100721,2.2266276,-0.7147909,1.1574739,-0.95404625,1.0,0.0,0
-2.2063441,-2.6404104,-1.565753,2.2254534,0.5394759,0.0,0.0,0
1.800228,1.2126614,1.0865964,-0.70899487,-0.13653937,1.0,0.0,0
0.097434826,0.94227034,1.9430842,-1.7370498,-0.3409161,1.0,0.0,0
-0.7038796,-0.4096846,0.7053212,-0.43950474,1.2154913,1.0,0.0,0
-1.3549476,-0.9504666,-1.0021287,0.75822926,0.03639478,1.0,0.0,0
-0.2030581,-0.6800756,-0.6982137,0.8480593,0.7124101,1.0,0.0,0
1.2994065,1.5506501,-0.47165886,1.4768696,2.2845387,0.0,1.0,1
-0.9542904,-1.1532599,-1.1513234,2.2953212,-1.48857,1.0,0.0,0
-0.05281163,0.19869514,-1.4994442,1.3271528,0.6023611,1.0,0.0,0
1.14916,1.0774659,0.025656646,-0.5692592,-1.6929467,1.0,0.0,0
0.59825635,0.19869514,-0.48823604,-0.030278964,0.2407715,1.0,0.0,0
-1.3048655,-1.1532599,0.04775956,0.65841806,-1.5828977,1.0,0.0,0
-0.55363315,-0.0040981136,0.1361712,-0.6191648,1.1840487,1.0,0.0,0
-1.3048655,-1.0856621,0.44561198,-0.4195425,1.6871299,0.0,1.0,0
-1.0544547,-1.4236509,-0.62637925,0.35898456,-0.29375222,1.0,0.0,0
0.097434826,-0.0040981136,-0.29483557,0.009645501,1.1683275,1.0,0.0,0
-1.5552763,-1.4912486,0.025656646,0.029607734,0.66524625,0.0,1.0,0
1.14916,1.1450636,0.025656646,0.31906012,0.31937793,1.0,0.0,0
-1.5051941,-1.1532599,-0.7755739,0.6384558,0.38226306,0.0,1.0,0
-0.45346886,0.19869514,0.44008625,-0.88865495,2.1116047,1.0,0.0,0
-1.0043726,-1.0180644,-0.60980207,-0.2299013,1.7657362,1.0,0.0,1
0.8987493,0.13109738,-0.5655962,0.22923006,-1.6929467,0.0,1.0,0
0.24768129,0.94227034,-0.52139044,0.14938113,-0.6553418,1.0,0.0,0
-0.90420824,-0.6800756,5.0264406,-2.6153882,-0.98548883,1.0,0.0,0
-0.80404395,-1.2208576,-1.4220841,2.0657554,1.7028512,1.0,0.0,1
1.1992422,0.7394771,0.6224353,-0.6091837,0.49231207,1.0,0.0,0
0.59825635,0.6042816,-0.996603,1.0776249,0.16216508,0.0,1.0,0
0.798585,0.46908614,2.6116974,-1.926691,1.1054423,0.0,1.0,0
-1.1045369,-0.8152711,0.10854256,-0.47942922,-0.6553418,1.0,0.0,0
1.7501459,1.2126614,2.2359478,-1.6472198,0.80673784,1.0,0.0,0
-0.8541261,0.06349964,-0.09038364,0.58855027,-0.13653937,1.0,0.0,0
-2.10618,-2.505215,-1.6817933,3.6128285,-0.29375222,0.0,1.0,1
-0.7539618,-0.34208685,-1.239735,0.88798374,0.30365664,0.0,1.0,0
0.19759914,1.1450636,-1.2452608,1.9459821,0.8224591,1.0,0.0,0
0.798585,0.46908614,-0.60980207,0.35898456,1.0739996,1.0,0.0,0
1.0489957,0.06349964,0.41798332,-1.0084283,1.0739996,0.0,0.0,0
1.0990779,0.33389062,-0.1787953,0.03958885,0.052116066,0.0,1.0,0
0.4480099,1.4154546,0.4290348,-0.8986361,0.63380367,0.0,1.0,0
-1.4050298,-1.4236509,1.5783862,-1.5374275,0.5394759,1.0,0.0,0
1.7501459,1.6182479,-0.82530546,0.7282859,0.88534427,1.0,0.0,0
1.4496529,1.4830524,0.76057845,-0.94854164,-0.9697676,1.0,0.0,0
1.3494886,0.46908614,2.4182968,-1.9965589,-1.3627998,1.0,0.0,0
-0.25314024,-0.0040981136,-0.8860885,1.0377005,-0.3566374,1.0,0.0,0
0.097434826,0.94227034,-0.48271033,0.77819145,-1.158423,1.0,0.0,0
-0.6037153,-0.20689136,-0.32798994,-0.18997683,0.77529526,0.0,1.0,0
-0.25314024,-0.0040981136,-0.32246423,0.309079,-0.27803096,1.0,0.0,0
0.34784558,-0.2744891,-0.6540079,0.9778138,0.9010655,0.0,1.0,0
0.29776344,0.7394771,-0.48271033,0.019626617,-1.2527508,0.0,0.0,0
0.5481742,0.80707484,0.1361712,-0.2997691,0.9010655,1.0,0.0,0
0.24768129,1.2126614,-0.94687146,1.7862842,1.309819,1.0,0.0,1
-0.503551,0.06349964,-0.9081914,0.88798374,-0.7653908,1.0,0.0,0
0.097434826,1.0774659,-1.0131803,1.347115,0.38226306,1.0,0.0,0
1.14916,0.80707484,-0.74241954,0.76821035,-0.3094735,0.0,1.0,0
0.24768129,-0.13929361,0.6832183,-1.0882773,0.5866398,1.0,0.0,1
1.0990779,0.94227034,0.38482895,-0.7888438,-1.0483739,1.0,0.0,0
-1.2547833,-1.0180644,0.40140614,-0.99844724,0.86962295,0.0,1.0,0
0.34784558,0.53668386,1.5176032,-1.8568232,-0.7653908,1.0,0.0,0
1.7000637,1.2126614,-0.76452243,1.2972095,1.5770808,1.0,0.0,1
-0.55363315,-1.0856621,1.5894376,-1.3877108,-1.6143403,0.0,1.0,0
1.7000637,1.8210411,-1.0076544,1.5267752,-1.2055868,0.0,1.0,0
1.0489957,0.8746726,-0.101435095,-0.8487305,1.4827532,1.0,0.0,0
0.84866714,0.13109738,0.44561198,-0.9185983,-1.0326527,0.0,0.0,0
-1.4050298,-0.8828688,0.71637267,-0.92857945,-0.5610141,1.0,0.0,0
0.4480099,-0.20689136,4.507022,-2.5555015,1.4670318,1.0,0.0,0
2.050639,2.15903,-0.48271033,0.7981537,0.28793535,1.0,0.0,0
-1.9058512,-1.9644328,-0.54349333,0.16934337,-1.6457828,1.0,0.0,0
-1.0043726,-0.8152711,1.2026367,-1.0882773,-0.5767354,1.0,0.0,0
-0.102893785,0.19869514,0.8158357,-0.9585228,-1.1741443,1.0,0.0,0
1.9003923,1.6858456,0.44008625,-0.9086172,0.5394759,1.0,0.0,0
1.7501459,1.0774659,0.12511975,-0.5792404,-0.010769081,0.0,1.0,0
0.047352675,-0.4096846,-1.0518603,1.6166053,0.30365664,0.0,1.0,0
0.097434826,-0.20689136,0.64453816,-0.5692592,0.19360764,1.0,0.0,0
1.7501459,1.0774659,-0.9855516,0.64843696,-0.71822697,1.0,0.0,1
0.798585,0.6042816,0.1969542,0.009645501,0.49231207,0.0,1.0,0
0.24768129,-0.47728235,-0.001971994,-0.09016566,1.7028512,0.0,1.0,0
-0.4033867,-1.0180644,-0.875037,2.0557745,-0.7653908,1.0,0.0,0
0.798585,0.80707484,-0.07933219,0.3689657,-0.26230967,1.0,0.0,0
0.4480099,0.13109738,-0.035126362,-0.18997683,0.46086952,0.0,1.0,0
-1.2047012,-1.0856621,-0.81977975,1.1874173,1.7342937,0.0,1.0,0
1.14916,0.53668386,1.2302654,-1.2180318,0.30365664,0.0,1.0,0
-0.503551,0.33389062,-1.1236948,1.676492,0.44514823,0.0,0.0,0
-1.2047012,-1.1532599,0.6003324,-1.0882773,0.41370565,0.0,1.0,0
-0.05281163,0.94227034,-0.23405257,-0.2997691,0.8539017,0.0,0.0,0
-1.6053584,-1.4912486,0.06433674,-0.110127896,0.06783735,0.0,1.0,0
-0.90420824,-1.0856621,-0.48271033,0.34900346,0.7910165,1.0,0.0,0
-0.503551,0.19869514,0.24668576,-0.55927813,-0.38807994,1.0,0.0,0
-1.3048655,-0.8828688,-0.8695113,0.98779494,0.6809675,0.0,1.0,0
0.59825635,1.0774659,-0.43297878,1.2872283,1.5770808,1.0,0.0,1
0.5481742,0.06349964,0.0035537337,-0.33969358,-1.2527508,1.0,0.0,0
-1.2547833,-0.47728235,0.1361712,-0.24986352,-1.378521,1.0,0.0,0
0.49809206,0.6042816,0.1969542,-0.5393159,0.66524625,0.0,1.0,0
-0.4033867,-0.8152711,-1.2452608,1.247304,1.3412615,0.0,1.0,0
-1.3048655,-0.5448801,0.24668576,0.27913564,1.2312125,1.0,0.0,0
-1.2547833,-0.47728235,-0.33351567,-0.060222313,-1.3470784,1.0,0.0,0
-1.0544547,-1.6264441,1.1473794,-1.4675597,0.44514823,1.0,0.0,0
0.14751698,-0.2744891,-0.28378412,0.1294189,1.0111145,0.0,1.0,0
1.3494886,0.46908614,-0.7810996,1.766322,-1.3942423,1.0,0.0,0
-1.3048655,-1.0856621,0.688744,-1.1880884,-0.63962054,1.0,0.0,0
1.0990779,0.53668386,-0.7866254,0.75822926,-1.5200126,0.0,0.0,0
-0.55363315,0.33389062,0.98160756,-1.3078618,-1.4256848,1.0,0.0,0
0.69842064,0.67187935,1.0700192,-1.4276353,1.1683275,1.0,0.0,0
0.4480099,0.53668386,-0.82530546,0.059551083,0.3665418,0.0,0.0,0
1.7501459,1.2802591,-0.2561555,-0.13009013,-1.4728488,1.0,0.0,0
-1.3549476,-1.2208576,0.0753882,-0.6491082,-1.6615041,1.0,0.0,0
1.800228,1.2126614,0.48429206,-0.9185983,-0.05793294,0.0,1.0,0
-0.65379745,-1.0180644,0.18037702,-0.43950474,1.4827532,0.0,0.0,0
-0.65379745,-0.5448801,-0.49928752,0.22923006,1.1683275,0.0,0.0,0
-1.3048655,-1.1532599,-0.7976768,0.8680215,-1.3627998,1.0,0.0,0
-1.2547833,-0.9504666,0.85451585,-1.2878996,-1.1269804,1.0,0.0,0
-0.45346886,-1.0180644,-0.46613315,-0.020297848,0.5866398,1.0,0.0,0
-0.80404395,-1.2208576,1.7165294,-1.2978808,1.3569828,1.0,0.0,0
0.14751698,-0.5448801,-0.42745304,1.1375116,-0.938325,1.0,0.0,0
-0.15297593,0.53668386,0.2743144,-0.39958027,1.2940977,1.0,0.0,0
-0.9542904,-0.6800756,2.4127712,-2.0664268,0.7910165,0.0,1.0,0
1.9504745,1.8886389,-0.6650593,0.7881726,1.3884254,1.0,0.0,0
0.74850285,0.46908614,-0.4385045,-0.14007124,-1.4728488,0.0,1.0,0
-0.65379745,0.13109738,-0.07933219,0.3689657,-1.158423,1.0,0.0,0
0.047352675,0.94227034,-0.82530546,1.2073795,-0.21514581,0.0,1.0,0
0.5481742,0.40148836,-0.60980207,1.2672662,-1.1427017,0.0,1.0,0
-1.4050298,-1.3560531,-0.3611443,0.3689657,0.8539017,1.0,0.0,0
1.0990779,0.80707484,-0.9910773,1.2772473,1.0739996,0.0,1.0,0
-0.9542904,-0.6800756,0.2908916,-0.6091837,-0.3566374,1.0,0.0,0
-0.45346886,-0.34208685,-1.1071175,0.81811595,-0.3409161,0.0,1.0,0
0.9989136,0.6042816,-0.8916142,1.3071907,1.639966,1.0,0.0,1
1.2994065,1.4830524,-0.44955596,-0.120109014,-1.158423,0.0,1.0,0
0.9989136,0.46908614,-0.4771846,0.26915452,-0.24658838,1.0,0.0,0
0.24768129,-0.20689136,1.6667979,-1.5374275,0.55519724,1.0,0.0,0
0.49809206,1.4154546,-0.8971399,0.98779494,-0.938325,1.0,0.0,0
0.69842064,0.53668386,1.0976479,-0.9685039,-0.05793294,0.0,1.0,0
-0.0027294774,0.94227034,0.52297217,-0.80880606,-1.6929467,1.0,0.0,0
1.3494886,1.6858456,-0.6761108,1.1474928,-1.3942423,0.0,1.0,0
-1.3048655,-1.2884554,0.44561198,-0.87867385,0.55519724,0.0,1.0,0
-0.6037153,-0.071695864,-0.6153278,0.23921117,0.38226306,1.0,0.0,0
1.3494886,0.26629287,0.01460519,-0.42952362,-1.0955379,1.0,0.0,0
0.097434826,1.0098681,0.8047843,-0.8986361,1.3412615,1.0,0.0,0
-0.0027294774,0.80707484,0.49534354,-0.82876825,-0.71822697,1.0,0.0,0
-0.2030581,-0.61247784,0.56165224,-0.4195425,-0.41952252,1.0,0.0,0
0.29776344,1.2126614,-0.001971994,-0.2997691,1.2469338,1.0,0.0,0
2.0005567,1.8886389,0.01460519,0.26915452,1.419868,1.0,0.0,0
0.49809206,0.53668386,2.4072454,-2.0265021,-1.4256848,1.0,0.0,0
-1.6053584,-1.4236509,-0.6705851,0.7881726,0.30365664,0.0,1.0,0
-0.55363315,0.06349964,-0.9855516,1.167455,1.3255403,1.0,0.0,0
0.84866714,0.53668386,0.7274241,-0.8387494,0.46086952,0.0,1.0,0
-0.7038796,-0.61247784,-1.1071175,1.1075683,-1.158423,0.0,1.0,0
0.34784558,-0.2744891,-0.83635694,1.1075683,0.8224591,0.0,1.0,0
0.19759914,-0.2744891,-0.6816365,0.3290412,-0.6553418,0.0,0.0,0
0.19759914,-0.2744891,0.0753882,0.38892794,-0.5138503,1.0,0.0,0
-0.05281163,0.13109738,-1.3889297,2.9540749,-0.71822697,1.0,0.0,1
1.6499816,1.7534434,-0.42192733,0.39890903,0.5080334,1.0,0.0,0
-0.503551,-0.8828688,-0.49928752,-0.110127896,-1.4099636,1.0,0.0,0
1.7000637,1.2126614,-0.5600705,1.8860954,-1.3470784,1.0,0.0,0
1.1992422,0.19869514,-0.32798994,0.5785691,0.2407715,1.0,0.0,0
0.19759914,0.94227034,1.0423906,-0.82876825,0.39798436,1.0,0.0,0
-0.45346886,0.13109738,0.86004156,-1.0383717,-1.5671765,1.0,0.0,0
0.34784558,-0.13929361,-0.9745001,1.3071907,1.1840487,1.0,0.0,0
-0.503551,0.06349964,-0.42192733,-0.25984463,-0.81255466,1.0,0.0,0
-0.9542904,-1.3560531,-0.62637925,0.59853137,-0.73394823,1.0,0.0,0
-0.102893785,-0.20689136,0.9152988,-1.148164,-0.07365423,0.0,1.0,0
0.4480099,0.46908614,0.64453816,-0.92857945,1.4513105,0.0,0.0,0
-1.0043726,-1.1532599,0.67769253,-0.7289571,-1.6929467,1.0,0.0,0
1.8503102,1.9562366,-0.15669237,0.09947555,-1.1741443,0.0,1.0,0
-2.1562622,-2.5728126,1.1031736,-1.407673,-0.21514581,0.0,1.0,0
-0.7539618,-0.20689136,0.06986247,-0.5992026,1.529917,0.0,1.0,0
-0.6037153,-0.071695864,-0.5545448,0.5186824,-1.0640953,0.0,0.0,1
-1.3048655,-1.0856621,0.749527,-1.0483528,-0.7653908,0.0,1.0,0
-1.1045369,-1.0180644,-0.40535015,0.46877685,-0.3094735,0.0,1.0,0
1.7000637,1.5506501,-0.09590937,0.20926782,-0.71822697,0.0,0.0,0
-0.05281163,-0.5448801,-0.571122,1.1973983,-0.010769081,1.0,0.0,0
1.6499816,0.8746726,-0.83083117,1.3870395,-1.0798166,1.0,0.0,0
1.14916,0.7394771,0.5008693,-0.43950474,1.1840487,1.0,0.0,0
0.047352675,0.80707484,-0.27825838,-0.09016566,1.2626551,1.0,0.0,0
0.94883144,0.8746726,-0.95792294,1.5567186,-0.7968334,1.0,0.0,0
-1.3048655,-1.0856621,-1.0960661,1.2173606,-0.92260367,1.0,0.0,0
-0.05281163,-0.5448801,0.65558964,-0.5193537,-1.4414061,1.0,0.0,0
-1.0544547,-1.7616396,0.3903547,-0.5393159,1.750015,0.0,1.0,0
2.100721,2.091432,0.37930325,-0.88865495,-1.378521,0.0,1.0,0
0.29776344,1.2126614,-0.21194966,0.47875798,1.860064,1.0,0.0,0
0.24768129,0.94227034,0.39588043,-0.7289571,-1.0012101,1.0,0.0,0
0.4480099,0.33389062,-0.52691615,0.31906012,-1.268472,0.0,1.0,0
0.29776344,-0.20689136,0.4290348,-0.6790515,1.2154913,1.0,0.0,0
2.050639,2.15903,0.16379984,-0.4195425,0.6023611,1.0,0.0,0
0.19759914,1.1450636,-0.52691615,1.1175494,1.0425571,1.0,0.0,0
-0.2030581,0.53668386,-0.1787953,0.23921117,0.0049522053,1.0,0.0,0
0.798585,0.06349964,0.85451585,-1.3677486,-1.4728488,1.0,0.0,0
1.0990779,0.6042816,-0.28378412,0.41887128,-0.7968334,0.0,1.0,0
-1.2047012,-0.8152711,0.7937328,-0.8387494,-0.4509651,0.0,1.0,0
-0.7539618,-1.1532599,1.501026,-1.5274464,-1.268472,1.0,0.0,0
-0.7539618,-0.8152711,0.0753882,-0.50937253,-1.4099636,0.0,1.0,0
0.4480099,0.19869514,-0.6816365,1.0876061,0.69668883,0.0,1.0,0
1.7000637,1.1450636,-0.35009286,0.22923006,1.1368848,1.0,0.0,0
0.94883144,-0.071695864,-0.9137171,0.8480593,1.1368848,1.0,0.0,1
-0.2030581,-0.4096846,-1.1513234,0.6384558,-1.4414061,1.0,0.0,0
-0.8541261,-0.6800756,1.4512944,-1.2479751,-0.5767354,0.0,1.0,0
-0.0027294774,-0.2744891,-0.5987506,0.76821035,-1.0798166,1.0,0.0,0
-0.7539618,-0.0040981136,-0.2616812,0.119437784,-1.3942423,1.0,0.0,0
0.24768129,1.2802591,0.75505275,-0.47942922,-0.16798195,0.0,1.0,0
0.9989136,1.0098681,-0.95792294,1.2273417,-0.84399724,0.0,1.0,0
-0.55363315,0.06349964,-0.16221811,-0.19995794,-0.8754398,1.0,0.0,0
-1.4050298,-0.9504666,-0.52691615,0.109456666,-0.81255466,0.0,1.0,0
-0.90420824,-1.3560531,-0.7092652,0.71830475,0.9482294,0.0,1.0,0
0.74850285,0.46908614,-0.6374307,1.1075683,-1.3470784,1.0,0.0,0
0.047352675,-0.6800756,0.40140614,-0.69901377,-1.158423,0.0,1.0,0
-1.5552763,-1.6940418,-0.7866254,0.82809705,-1.3470784,0.0,0.0,0
1.2493243,0.94227034,0.53402364,-0.49939144,0.77529526,0.0,1.0,0
1.7501459,1.9562366,-0.051703546,-0.54929703,0.03639478,0.0,1.0,0
0.34784558,1.5506501,0.20800567,-0.6790515,-0.120818086,1.0,0.0,0
0.39792776,1.2802591,0.4511377,-1.1681262,1.6242447,0.0,1.0,0
1.3995708,1.4830524,-0.13458946,-0.31973132,0.8539017,1.0,0.0,0
-0.45346886,-1.2208576,-0.2561555,-0.50937253,0.17788635,1.0,0.0,0
1.9504745,1.8210411,1.440243,-1.5673709,0.7910165,1.0,0.0,0
0.49809206,1.4830524,-0.16221811,-0.010316731,-0.73394823,1.0,0.0,0
-0.8541261,-0.4096846,0.16932558,-0.43950474,0.47659078,1.0,0.0,0
-0.8541261,-1.2884554,0.7329498,0.1294189,-1.6929467,1.0,0.0,0
0.6483385,0.6042816,0.3129945,-0.6091837,0.77529526,1.0,0.0,0
-0.45346886,-1.2208576,-0.72031665,0.6384558,-1.5042913,1.0,0.0,0
1.0990779,1.1450636,-0.28378412,0.45879573,1.1054423,1.0,0.0,0
-0.3032224,-0.5448801,0.3737775,-0.82876825,0.5866398,1.0,0.0,0
1.2994065,1.2802591,-1.0242317,0.7981537,-0.63962054,1.0,0.0,0
1.14916,1.1450636,-0.12353801,-0.23988241,0.2564928,0.0,1.0,0
-0.9542904,-1.7616396,-0.9745001,2.0058687,1.2469338,0.0,1.0,0
1.4496529,1.4830524,-1.3668268,1.4369452,0.44514823,0.0,1.0,0
2.100721,2.2942255,1.0810707,-1.1082395,1.3255403,1.0,0.0,0
0.24768129,-0.47728235,1.8878269,-1.4475975,-0.15226066,0.0,1.0,0
0.29776344,-0.0040981136,-0.63190496,0.94787043,1.0425571,1.0,0.0,0
1.800228,1.8886389,0.8268872,-0.6890327,-1.4414061,0.0,1.0,0
1.8503102,1.5506501,-1.0518603,1.0975872,-0.042211656,1.0,0.0,0
1.4997351,0.67187935,-0.72031665,0.16934337,0.19360764,0.0,1.0,0
0.14751698,-0.071695864,0.0035537337,-0.010316731,1.4984744,1.0,0.0,0
-0.7539618,-0.34208685,0.11959402,-0.5193537,-1.1427017,1.0,0.0,0
-2.10618,-2.437617,-0.7755739,0.75822926,-0.37235868,1.0,0.0,0
-0.0027294774,1.0098681,1.5065517,-1.1681262,-0.21514581,1.0,0.0,0
-1.0544547,-1.6264441,-1.3336724,1.2672662,0.38226306,1.0,0.0,0
0.84866714,0.06349964,6.3857694,-2.7351615,-1.5357338,1.0,0.0,0
0.14751698,1.0774659,-1.300518,2.275359,0.16216508,0.0,1.0,0
0.6483385,0.53668386,-0.6153278,1.5167941,-0.3094735,1.0,0.0,0
-0.7038796,-0.20689136,0.9042474,-1.3877108,-1.6143403,1.0,0.0,0
2.100721,2.2942255,-0.5821734,0.2491923,1.0582784,1.0,0.0,0
1.2493243,1.2802591,-0.106960826,0.48873907,-0.21514581,1.0,0.0,0
0.39792776,0.80707484,-0.5821734,-0.09016566,-0.40380123,0.0,1.0,0
0.84866714,0.40148836,0.6666411,-1.1282017,-0.6553418,1.0,0.0,0
0.19759914,0.53668386,-0.7921511,0.9279082,0.5394759,1.0,0.0,0
0.047352675,0.06349964,-0.62637925,0.26915452,-0.6867844,0.0,0.0,0
-1.0043726,-1.3560531,0.44561198,-1.058334,-0.5138503,0.0,1.0,0
-0.7038796,-0.13929361,0.31852022,-0.4095614,1.6556873,1.0,0.0,0
-0.4033867,-1.0180644,-0.93582004,1.2373228,-0.73394823,1.0,0.0,0
-0.0027294774,0.94227034,-0.85845983,0.60851246,-1.5828977,0.0,1.0,0
-1.4050298,-1.1532599,0.20247994,-0.4694481,0.083558634,1.0,0.0,0
-0.45346886,-0.9504666,-0.72584236,0.66839916,1.3884254,1.0,0.0,0
-0.80404395,-0.4096846,0.6997955,-1.5673709,-0.6238992,0.0,1.0,0
-1.0043726,-0.9504666,-0.07380646,0.17932448,0.8224591,0.0,0.0,0
1.0990779,0.46908614,0.15274839,-0.3596558,-0.120818086,1.0,0.0,0
0.6483385,0.40148836,2.357514,-1.7370498,0.83818036,1.0,0.0,0
1.6499816,1.1450636,-0.17326955,-0.44948584,1.7185724,1.0,0.0,0
-0.102893785,0.53668386,-0.9026657,0.8580404,0.80673784,1.0,0.0,0
0.24768129,1.3478569,-1.5270729,2.0757365,0.6023611,0.0,1.0,0
-0.90420824,-0.6800756,1.3297285,-1.068315,-0.26230967,1.0,0.0,0
1.7501459,1.7534434,-0.74241954,1.1574739,-0.71822697,0.0,1.0,0
0.29776344,0.26629287,-0.33351567,-0.43950474,0.66524625,0.0,0.0,0
-0.90420824,-1.4236509,1.357357,-1.6572009,1.1526061,1.0,0.0,0
0.9989136,0.6042816,0.10301684,0.5286636,1.3412615,0.0,1.0,0
1.3494886,1.2126614,-0.43297878,0.60851246,-1.5357338,1.0,0.0,0
-0.6037153,-1.0180644,-0.49376178,1.0776249,-0.7968334,1.0,0.0,0
0.19759914,1.2126614,-0.5876992,0.21924895,-1.4728488,1.0,0.0,0
-0.503551,-0.6800756,0.1969542,-0.4694481,-0.95404625,0.0,1.0,0
-0.55363315,-0.2744891,0.0367081,-0.4694481,1.2940977,0.0,0.0,0
-1.3549476,-1.3560531,-0.51033896,0.89796484,-0.73394823,1.0,0.0,0
-0.45346886,-0.0040981136,0.65006393,-0.6890327,1.2469338,0.0,0.0,0
-1.0043726,-1.5588464,-0.64848214,0.5586069,0.5080334,1.0,0.0,0
-0.4033867,0.40148836,-0.53244185,1.0876061,-0.3566374,0.0,1.0,0
0.14751698,-0.071695864,-0.16774383,0.65841806,0.27221408,0.0,0.0,0
-1.6053584,-1.6264441,0.04223383,-0.3496747,1.1211635,1.0,0.0,0
1.1992422,0.06349964,-0.106960826,-0.33969358,-0.16798195,0.0,1.0,0
-0.45346886,0.26629287,-0.49376178,0.08949443,-0.3566374,1.0,0.0,0
-0.65379745,-0.34208685,-0.28930986,-0.6391271,1.1840487,0.0,1.0,0
-0.90420824,-0.6800756,-1.0297574,1.0277194,0.66524625,0.0,1.0,0
-1.0544547,-0.6800756,0.49534354,-1.0982584,-1.2841933,1.0,0.0,0
0.6483385,0.40148836,-0.48823604,0.7482481,-1.0326527,1.0,0.0,0
-0.8541261,-1.0180644,-0.4771846,0.28911677,-0.29375222,1.0,0.0,0
-0.90420824,-1.2884554,-0.04065209,0.2491923,0.72813135,1.0,0.0,0
1.4496529,1.6858456,0.49534354,-0.9585228,-0.52957153,1.0,0.0,0
-1.2547833,-0.8152711,-1.2728894,1.7263975,-1.6929467,1.0,0.0,0
-1.0043726,-0.8828688,-1.4994442,2.9341125,1.2783765,1.0,0.0,1
1.2493243,1.2802591,-0.32246423,0.28911677,-0.8754398,1.0,0.0,0
1.2493243,0.26629287,2.3630395,-1.9666156,-0.9068824,1.0,0.0,0
0.24768129,-0.20689136,-0.85845983,0.8580404,0.52375466,1.0,0.0,0
0.19759914,-0.2744891,0.41245762,-0.9685039,0.83818036,0.0,1.0,0
-0.503551,-0.8828688,1.94861,-1.7170876,-0.18370323,1.0,0.0,0
-0.80404395,-0.20689136,0.23010857,-0.5393159,0.66524625,1.0,0.0,0
0.84866714,0.06349964,-0.7589967,1.0077572,-1.6457828,1.0,0.0,0
-0.7539618,-0.6800756,-0.44955596,0.47875798,1.7185724,1.0,0.0,0
0.74850285,0.33389062,0.2743144,-0.32971245,0.16216508,1.0,0.0,0
0.4480099,0.33389062,0.42350906,-0.6491082,-1.2999146,1.0,0.0,0
1.2493243,1.3478569,-0.7092652,0.41887128,1.089721,1.0,0.0,0
-0.7038796,-0.2744891,-0.82530546,1.0277194,1.3884254,1.0,0.0,0
-1.0544547,-1.4912486,0.6942697,-0.6091837,-0.08937551,1.0,0.0,0
0.097434826,0.94227034,0.15827411,0.09947555,-1.1898656,1.0,0.0,0
0.9989136,0.33389062,-0.875037,1.8361897,1.4670318,0.0,1.0,0
-0.9542904,-1.4912486,0.14169693,-0.4694481,0.17788635,1.0,0.0,0
-1.0544547,-0.4096846,0.10301684,-0.42952362,-1.0798166,1.0,0.0,0
-0.6037153,-0.5448801,-0.92476857,0.8480593,0.19360764,0.0,0.0,0
0.14751698,1.2126614,-0.31141275,0.5087013,1.1526061,0.0,1.0,0
0.34784558,-0.34208685,0.21353139,-0.45946696,-1.158423,1.0,0.0,0
1.9003923,1.6858456,1.1529051,-1.487522,1.0582784,0.0,0.0,0
1.8503102,2.091432,0.7937328,-1.1581451,-0.9697676,1.0,0.0,0
1.1992422,0.06349964,-1.0021287,1.4569074,-0.73394823,0.0,1.0,1
-1.0544547,-1.6264441,0.2743144,-0.21992017,0.19360764,1.0,0.0,0
-0.7038796,-0.20689136,0.749527,-1.1581451,0.11500121,0.0,1.0,0
0.29776344,-0.4096846,0.23010857,-0.42952362,0.14644378,0.0,1.0,0
0.6483385,0.19869514,-0.7700482,0.42885238,-0.95404625,1.0,0.0,0
-1.5552763,-1.3560531,-1.2231579,1.347115,-0.3094735,0.0,0.0,0
1.1992422,0.13109738,3.7831516,-2.3958035,0.72813135,1.0,0.0,0
0.8987493,0.46908614,0.31852022,-0.9185983,-0.52957153,1.0,0.0,0
0.6483385,0.6042816,0.14722265,-0.6890327,-0.40380123,1.0,0.0,0
-1.0544547,-1.6940418,0.11959402,-0.2299013,-1.4414061,1.0,0.0,0
-0.90420824,-0.8152711,-0.22852685,-0.39958027,-1.0798166,1.0,0.0,0
-0.55363315,-0.8152711,-0.051703546,-0.17001459,-1.3313571,1.0,0.0,0
-0.6037153,-0.9504666,-0.29483557,0.1893056,-0.24658838,0.0,1.0,0
-0.9542904,-1.2208576,-0.3169385,-0.20993906,-1.4256848,1.0,0.0,0
0.59825635,1.5506501,-0.062755,-0.16003348,-0.3566374,1.0,0.0,0
-0.35330456,0.53668386,-0.62637925,0.23921117,-1.6929467,1.0,0.0,0
-1.154619,-0.2744891,-0.32798994,0.7881726,-1.4099636,1.0,0.0,0
-0.90420824,-0.4096846,-0.51033896,0.70832366,1.2154913,1.0,0.0,0
-1.5552763,-1.5588464,0.627961,-0.4095614,1.089721,1.0,0.0,0
-0.25314024,-0.47728235,-0.106960826,0.22923006,0.6495249,1.0,0.0,0
0.19759914,1.2126614,-1.4773414,1.9160388,1.419868,1.0,0.0,1
0.19759914,-0.4096846,1.8546726,-1.6072954,0.7438527,0.0,1.0,0
0.4480099,0.13109738,-0.8695113,1.0377005,0.3665418,1.0,0.0,0
0.39792776,-0.20689136,-0.43297878,0.42885238,0.7910165,1.0,0.0,0
2.150803,2.361823,-0.6816365,0.8081348,0.9325081,0.0,1.0,0
2.100721,2.2942255,0.5782294,-0.82876825,-1.3313571,1.0,0.0,0
0.39792776,0.94227034,-0.4771846,0.45879573,-1.0955379,0.0,0.0,0
-0.55363315,-0.0040981136,0.99265903,-1.2679374,-0.78111213,1.0,0.0,0
0.69842064,-0.0040981136,1.3076255,-1.4376163,-1.2213081,1.0,0.0,0
-1.0043726,-1.2884554,0.06986247,-0.33969358,1.2940977,0.0,1.0,0
-1.154619,-0.47728235,-0.7700482,0.88798374,0.6180824,0.0,0.0,0
1.7501459,1.6858456,-0.45508167,0.6384558,0.9482294,1.0,0.0,0
-0.503551,-1.2208576,0.67769253,-0.9585228,-0.828276,0.0,0.0,0
-1.2047012,-0.34208685,0.46218917,-0.6890327,1.8286214,0.0,0.0,0
1.0489957,0.53668386,0.45666343,-0.31973132,-0.98548883,1.0,0.0,0
-1.2547833,-0.9504666,0.4511377,-1.1082395,-1.6929467,1.0,0.0,0
-0.55363315,-1.2208576,1.5949634,-1.6172764,-1.2841933,1.0,0.0,0
0.097434826,0.06349964,-0.09038364,0.22923006,-1.2999146,1.0,0.0,0
-0.15297593,0.19869514,-0.18984674,-0.2299013,-1.6300616,1.0,0.0,0
2.050639,2.2266276,-0.6871623,0.99777603,1.19977,1.0,0.0,0
1.2493243,0.33389062,-0.1787953,-0.0502412,0.6180824,1.0,0.0,0
-1.8557692,-1.8968351,-1.3723525,1.856152,-1.2370294,1.0,0.0,0
0.4480099,0.8746726,0.40693188,-0.7289571,0.97967196,1.0,0.0,0
0.69842064,0.40148836,0.21353139,-0.69901377,1.1526061,1.0,0.0,0
-0.7539618,-0.5448801,0.15827411,0.059551083,-1.0798166,0.0,0.0,0
-0.90420824,-1.1532599,-0.7700482,0.8680215,1.3569828,1.0,0.0,0
-0.55363315,-0.071695864,-0.21747538,0.41887128,0.11500121,1.0,0.0,0
0.5481742,0.80707484,1.2965741,-1.0383717,1.2312125,1.0,0.0,0
0.19759914,1.2126614,-0.9800258,0.75822926,1.2626551,0.0,1.0,0
-0.55363315,-0.13929361,-0.9745001,1.0576627,0.11500121,0.0,1.0,0
-0.55363315,-1.0180644,0.086439654,-0.23988241,0.5394759,0.0,1.0,0
-1.0043726,-0.5448801,0.10301684,0.16934337,-1.1427017,0.0,1.0,0
0.29776344,0.40148836,-0.6650593,-0.04026008,-1.6457828,0.0,0.0,0
-0.4033867,0.40148836,-0.5821734,0.83807814,0.7124101,0.0,0.0,0
-1.0043726,-1.1532599,0.025656646,-0.5293348,1.6556873,1.0,0.0,0
0.49809206,0.06349964,1.197111,-0.92857945,-1.6615041,0.0,0.0,0
-1.6053584,-1.4236509,-1.4828671,2.1356232,0.27221408,1.0,0.0,0
-0.102893785,-0.34208685,0.27984014,-1.148164,-1.3313571,1.0,0.0,0
-0.90420824,-1.4912486,1.462346,-1.487522,0.0049522053,1.0,0.0,0
-0.35330456,-0.9504666,-0.106960826,0.13940002,-0.63962054,0.0,0.0,0
-0.2030581,-0.61247784,0.19142848,-0.08018455,-0.38807994,1.0,0.0,0
0.047352675,0.8746726,-0.33351567,-0.0502412,0.39798436,1.0,0.0,0
-1.4050298,-1.0180644,0.19142848,-0.4195425,-0.19942452,1.0,0.0,0
-1.3549476,-1.0856621,-0.28378412,-0.25984463,-0.60817796,1.0,0.0,0
0.14751698,-0.61247784,-0.44955596,0.42885238,1.0582784,0.0,1.0,0
0.798585,0.26629287,-0.46613315,-0.10014678,0.16216508,0.0,1.0,0
1.1992422,0.19869514,-0.33351567,-0.37961805,0.11500121,1.0,0.0,0
-1.4050298,-1.4236509,-1.2728894,0.9578515,0.9325081,1.0,0.0,0
0.69842064,0.40148836,-0.4164016,-0.25984463,-0.52957153,0.0,1.0,0
-0.35330456,-0.6800756,-0.15669237,0.77819145,0.63380367,1.0,0.0,0
1.0990779,0.94227034,-0.82530546,0.8081348,-1.0640953,1.0,0.0,0
1.8503102,2.0238342,-0.38877296,-0.010316731,0.46086952,0.0,1.0,0
0.69842064,0.46908614,-1.1623749,1.1973983,0.8224591,0.0,0.0,0
0.19759914,0.7394771,0.2743144,-0.44948584,1.309819,1.0,0.0,0
-1.805687,-1.6940418,0.09196538,-0.19995794,-0.71822697,0.0,0.0,0
-1.154619,-1.6940418,-0.8860885,0.3290412,0.052116066,1.0,0.0,0
-0.90420824,-0.6800756,-0.7147909,0.75822926,-0.49812895,0.0,1.0,0
1.2493243,1.4154546,-0.47165886,0.75822926,-1.1112591,0.0,1.0,0
-1.2047012,-0.8828688,-0.4385045,0.66839916,0.66524625,1.0,0.0,0
0.097434826,-0.5448801,-0.5987506,1.1275306,-0.7968334,1.0,0.0,0
1.0990779,0.40148836,0.5119207,-0.94854164,0.22505021,1.0,0.0,0
0.047352675,0.33389062,-1.0131803,0.5785691,0.28793535,1.0,0.0,0
-0.45346886,0.40148836,-0.7866254,0.94787043,0.9010655,0.0,1.0,0
-0.9542904,-1.4912486,-0.85845983,0.3689657,1.4513105,0.0,1.0,0
-0.65379745,-0.13929361,-0.062755,-0.32971245,1.4041467,0.0,1.0,0
-0.90420824,-0.6800756,0.61690956,-0.8487305,1.4041467,1.0,0.0,0
1.3995708,0.53668386,-0.12906374,-0.0502412,-1.3313571,1.0,0.0,0
-0.9542904,-1.2208576,0.63348675,-0.4694481,0.7438527,0.0,1.0,0
-0.25314024,-0.8152711,2.351988,-1.9566344,0.88534427,1.0,0.0,0
0.34784558,0.33389062,-0.018549178,0.738267,1.3255403,1.0,0.0,0
-0.65379745,0.06349964,-0.94687146,1.676492,-0.5610141,0.0,1.0,0
-0.90420824,-1.2208576,-0.5158647,-0.17999572,-0.73394823,1.0,0.0,0
-0.15297593,-0.5448801,-0.70373946,0.5286636,1.529917,0.0,1.0,0
0.798585,0.40148836,1.5562832,-1.3777297,0.9953933,0.0,0.0,0
-1.0544547,-0.61247784,0.44008625,-0.5293348,-1.1741443,1.0,0.0,0
2.0005567,2.2266276,-0.6871623,1.2772473,-0.40380123,0.0,1.0,0
0.34784558,0.67187935,-0.753471,0.82809705,-0.5924567,1.0,0.0,0
0.29776344,0.33389062,-0.112486556,-0.2997691,-0.26230967,0.0,0.0,0
-0.55363315,0.13109738,2.3851426,-1.6771631,0.7438527,1.0,0.0,0
-0.503551,-0.0040981136,-0.29483557,-0.5393159,-0.26230967,0.0,1.0,0
-1.154619,-1.0180644,0.99818474,-1.0084283,1.6085234,0.0,0.0,0
-0.8541261,-0.74767333,-0.9745001,0.60851246,-1.6143403,0.0,1.0,0
0.19759914,-0.4096846,-0.051703546,0.03958885,0.06783735,0.0,0.0,0
0.9989136,-0.071695864,0.36825177,-0.54929703,0.75957394,0.0,0.0,0
1.5998994,1.7534434,-1.4276098,1.6964542,0.5709185,1.0,0.0,0
-1.0043726,-1.6264441,-0.16774383,0.15936224,-1.1741443,1.0,0.0,0
-1.1045369,-1.0856621,0.058811013,-0.17999572,1.2154913,0.0,0.0,0
-0.8541261,-0.0040981136,-0.4385045,0.75822926,-0.1050968,1.0,0.0,0
1.4997351,1.6182479,0.48429206,-0.28978798,0.9482294,0.0,0.0,0
0.24768129,0.8746726,-0.1787953,0.33902234,-1.0483739,0.0,1.0,0
0.39792776,1.1450636,0.63901246,-0.7788627,-1.5042913,1.0,0.0,0
-1.3048655,-0.6800756,0.8047843,-0.92857945,1.089721,0.0,1.0,0
-0.503551,-0.8828688,3.9268205,-2.3359168,1.5770808,1.0,0.0,0
1.7000637,1.4830524,0.11959402,-0.17999572,-0.98548883,0.0,1.0,0
0.74850285,0.6042816,-0.38877296,0.46877685,0.88534427,1.0,0.0,0
-1.2547833,-0.9504666,-1.0518603,1.1474928,-1.3627998,0.0,1.0,0
0.49809206,0.26629287,1.4015629,-1.497503,0.5394759,0.0,1.0,0
-1.0043726,-1.2208576,-0.40535015,0.25917342,-1.6615041,0.0,1.0,0
-0.4033867,0.40148836,0.15274839,-0.16003348,1.0111145,1.0,0.0,0
-0.65379745,-0.6800756,0.83793867,-0.98846614,0.72813135,1.0,0.0,0
-1.2547833,-0.74767333,-0.024074906,-0.2299013,-1.5042913,0.0,1.0,0
0.49809206,1.4830524,-0.22300111,0.14938113,0.5080334,0.0,1.0,0
-0.102893785,-0.4096846,0.38482895,-0.74891937,-1.268472,1.0,0.0,0
-0.4033867,-0.0040981136,-1.0518603,1.0377005,1.860064,0.0,1.0,0
-0.65379745,-0.2744891,-1.5768045,1.7064353,0.2564928,0.0,1.0,0
-0.15297593,0.7394771,0.08091392,0.09947555,1.3255403,1.0,0.0,0
-0.55363315,-0.6800756,-0.7147909,2.5648112,1.309819,1.0,0.0,1
1.4496529,1.4830524,1.0479163,-1.6372387,-0.18370323,1.0,0.0,0
0.34784558,-0.2744891,0.15827411,-0.47942922,-0.40380123,0.0,1.0,0
1.14916,0.06349964,0.627961,-1.0283906,-1.158423,1.0,0.0,0
-1.0043726,-1.4912486,-0.692688,1.167455,0.5080334,1.0,0.0,0
-1.154619,-0.6800756,-0.1787953,-0.17999572,-0.21514581,1.0,0.0,0
0.4480099,1.3478569,-0.51033896,0.13940002,1.3412615,0.0,1.0,0
-1.0544547,-0.0040981136,-0.5545448,0.16934337,1.2154913,0.0,1.0,0
-0.80404395,-0.47728235,0.01460519,-0.45946696,1.5770808,1.0,0.0,0
-1.154619,-0.4096846,0.37930325,-0.97848505,0.42942694,0.0,0.0,0
1.7501459,1.6858456,-0.8805627,0.60851246,0.9167868,1.0,0.0,0
-0.6037153,-1.0180644,-0.5158647,-0.2997691,-1.5200126,1.0,0.0,0
-1.0544547,-1.4912486,-0.0074977223,-0.15005235,0.2407715,1.0,0.0,0
0.097434826,-0.4096846,-0.44403023,0.38892794,-1.0798166,0.0,1.0,0
-0.7038796,-0.071695864,-1.0131803,1.9459821,-1.158423,1.0,0.0,0
-0.9542904,-1.5588464,-0.09038364,-0.2299013,-0.43524382,1.0,0.0,0
-0.503551,-0.0040981136,0.23563431,-0.80880606,-0.89116114,1.0,0.0,0
-0.3032224,-0.74767333,-0.45508167,0.14938113,1.4670318,0.0,1.0,0
-1.0544547,-0.61247784,-0.5766477,0.46877685,-1.5671765,0.0,0.0,0
-0.2030581,0.6042816,1.7331066,-1.3677486,0.9167868,1.0,0.0,0
-0.503551,-0.8152711,-1.2673637,1.0676439,0.06783735,1.0,0.0,0
-1.9058512,-1.8968351,-0.13458946,-0.3496747,-1.0955379,1.0,0.0,0
-0.6037153,0.06349964,0.25221148,-0.86869276,0.6180824,0.0,1.0,0
-0.8541261,-0.6800756,-0.112486556,-0.00033561504,-0.18370323,1.0,0.0,0
2.100721,2.15903,-0.7921511,1.0476816,-1.5200126,0.0,1.0,0
1.4997351,0.80707484,-0.72031665,0.1893056,-0.15226066,1.0,0.0,0
-0.3032224,-0.8828688,0.0753882,0.26915452,0.31937793,1.0,0.0,0
-0.2030581,0.6042816,-0.28930986,0.2491923,0.88534427,1.0,0.0,0
1.800228,1.1450636,-0.35009286,0.009645501,-0.3566374,0.0,0.0,0
1.7000637,1.0098681,1.5341804,-1.5274464,0.27221408,0.0,1.0,0
-1.5552763,-1.4236509,-0.024074906,-0.08018455,0.39798436,1.0,0.0,0
0.69842064,0.67187935,-1.687319,1.5766808,0.69668883,0.0,1.0,0
-0.102893785,0.8746726,1.357357,-1.4575787,0.49231207,0.0,0.0,0
1.3494886,1.3478569,2.2359478,-1.8568232,-0.5767354,0.0,1.0,0
0.19759914,1.3478569,-0.95792294,0.29909787,0.14644378,1.0,0.0,0
1.14916,0.13109738,0.04775956,-0.4694481,0.97967196,1.0,0.0,0
1.9504745,2.0238342,-0.12353801,-0.39958027,0.5394759,0.0,0.0,0
-1.0544547,-1.8292373,-0.20642392,-0.32971245,-1.5042913,1.0,0.0,0
0.39792776,1.3478569,-0.6816365,0.64843696,-1.5828977,1.0,0.0,0
-0.6037153,-0.9504666,-1.1513234,2.275359,-0.41952252,1.0,0.0,0
-1.2047012,-0.2744891,-0.6650593,0.81811595,1.6871299,0.0,0.0,0
1.2493243,0.53668386,0.20800567,-0.30975023,0.7910165,1.0,0.0,0
0.94883144,0.6042816,-0.6650593,0.76821035,-1.378521,0.0,1.0,1
-1.8557692,-1.7616396,1.2192138,-1.1581451,-0.81255466,1.0,0.0,0
0.4480099,1.2802591,-1.2673637,1.6066241,-1.1427017,0.0,1.0,0
0.84866714,0.67187935,-1.261838,0.6783803,0.44514823,0.0,1.0,0
-0.25314024,-0.0040981136,-0.70373946,0.88798374,-0.81255466,1.0,0.0,0
1.14916,1.1450636,-0.49928752,0.44881463,0.69668883,0.0,0.0,0
1.800228,1.8886389,0.8931959,-0.9185983,-1.5042913,1.0,0.0,0
0.34784558,1.2126614,0.3516746,-0.5892215,-1.4256848,1.0,0.0,0
1.4997351,1.6858456,0.34614888,-0.6291459,0.42942694,0.0,1.0,0
0.29776344,-0.4096846,0.009079462,-0.47942922,-0.042211656,0.0,1.0,0
1.4496529,0.80707484,-0.3998244,-0.2299013,-0.5452928,0.0,1.0,0
1.0990779,0.7394771,0.0753882,-0.5892215,-0.29375222,0.0,0.0,0
1.8503102,1.6858456,0.56165224,-0.39958027,0.27221408,1.0,0.0,0
0.94883144,0.46908614,-0.60980207,1.0975872,-0.49812895,1.0,0.0,0
-1.9559335,-1.9644328,0.61690956,-0.42952362,0.9325081,1.0,0.0,0
0.5481742,0.33389062,-1.1900035,1.2373228,0.9953933,1.0,0.0,0
0.74850285,0.40148836,0.26326296,-0.6291459,0.22505021,1.0,0.0,0
-0.65379745,-0.5448801,-0.5655962,0.568588,1.3727041,0.0,1.0,0
1.14916,1.1450636,-0.7700482,0.15936224,0.44514823,1.0,0.0,0
-0.9542904,-0.8152711,1.501026,-1.4575787,0.6180824,0.0,1.0,0
-0.2030581,-0.6800756,-0.07933219,0.27913564,0.8224591,1.0,0.0,0
0.39792776,-0.20689136,-1.5547016,1.4868507,0.9482294,0.0,1.0,0
0.097434826,-0.2744891,-0.5379676,0.9179271,-0.73394823,0.0,0.0,0
-1.5051941,-1.4236509,0.16379984,-0.6690704,0.52375466,0.0,1.0,0
-0.45346886,-1.0856621,-0.62637925,0.7881726,-0.63962054,1.0,0.0,0
0.69842064,0.06349964,2.1972678,-1.8168988,1.529917,1.0,0.0,0
-0.80404395,-0.34208685,0.8434644,-1.1681262,0.44514823,1.0,0.0,0
-0.7539618,-0.61247784,-0.3611443,0.1294189,1.2783765,1.0,0.0,0
0.74850285,0.6042816,0.7274241,-0.88865495,0.97967196,1.0,0.0,0
-1.154619,-0.8828688,-0.3611443,0.6783803,1.2626551,1.0,0.0,0
-1.3549476,-0.8828688,0.2908916,-0.55927813,0.7910165,1.0,0.0,0
-0.6037153,-0.6800756,-0.23405257,0.3789468,0.6180824,0.0,0.0,0
-0.0027294774,-0.2744891,-0.26720694,0.19928671,-1.2370294,0.0,1.0,0
0.34784558,0.67187935,-0.6982137,0.42885238,-0.5610141,0.0,1.0,0
0.6483385,0.19869514,0.11406829,-0.36963692,0.33509922,1.0,0.0,0
1.1992422,1.3478569,-0.17326955,-0.30975023,-1.6143403,1.0,0.0,0
-1.0544547,-1.7616396,-0.5766477,0.28911677,-1.4099636,0.0,1.0,0
1.0489957,0.67187935,0.25773722,-0.4894103,0.5394759,1.0,0.0,0
-1.2547833,-0.8828688,-0.6816365,-0.08018455,-0.52957153,0.0,0.0,0
0.4480099,0.6042816,0.34062314,-0.5992026,1.1526061,1.0,0.0,0
0.097434826,0.19869514,-1.1513234,1.2073795,-1.2213081,1.0,0.0,0
1.2493243,0.26629287,-0.28378412,0.83807814,0.41370565,1.0,0.0,0
1.3494886,0.40148836,0.81031,-1.3677486,-1.5514551,1.0,0.0,0
-1.2047012,-0.2744891,-1.444187,1.0377005,-1.6615041,0.0,0.0,0
1.7501459,2.0238342,0.36825177,-0.5992026,0.28793535,1.0,0.0,0
0.34784558,-0.20689136,-0.7866254,1.1275306,0.7438527,0.0,1.0,0
-1.2547833,-0.4096846,1.4899745,-1.5673709,0.03639478,1.0,0.0,0
-0.8541261,-1.1532599,0.31852022,-0.75890046,-0.60817796,1.0,0.0,0
0.19759914,0.94227034,-1.018706,1.6166053,0.22505021,0.0,1.0,0
-1.0544547,-0.61247784,0.41245762,-0.18997683,-0.71822697,0.0,1.0,0
-0.45346886,0.40148836,-1.1457977,0.7981537,0.63380367,0.0,0.0,0
0.5481742,1.0774659,-1.5104958,1.5467374,1.6085234,0.0,1.0,0
-0.0027294774,-0.4096846,-0.7976768,0.44881463,1.1526061,1.0,0.0,0
1.9003923,1.7534434,1.0810707,-1.407673,0.72813135,1.0,0.0,0
0.4480099,0.46908614,0.18590276,-0.87867385,-1.6615041,1.0,0.0,0
-1.0043726,-0.8152711,-0.27825838,-0.3496747,0.020673491,1.0,0.0,0
0.4480099,0.06349964,3.042704,-2.2161434,0.39798436,1.0,0.0,0
-0.6037153,-0.13929361,-0.27273268,-0.14007124,0.30365664,0.0,1.0,0
-0.15297593,-0.61247784,-0.17326955,0.119437784,0.69668883,0.0,1.0,0
-0.7038796,-0.2744891,-1.079489,1.936001,1.4513105,0.0,1.0,0
0.4480099,1.3478569,0.99818474,-1.2080507,1.4827532,0.0,0.0,0
-1.6053584,-1.4912486,-0.80320257,0.76821035,0.7438527,1.0,0.0,0
-0.4033867,-0.8152711,2.0370216,-1.8668044,-0.05793294,0.0,0.0,0
-0.9542904,-0.74767333,-0.33351567,0.33902234,-0.042211656,0.0,1.0,0
-1.0544547,-1.5588464,0.29641733,-0.50937253,-0.38807994,1.0,0.0,0
1.3494886,1.4830524,-0.94134575,1.1774361,1.0425571,1.0,0.0,0
1.14916,0.7394771,0.2743144,-1.0084283,0.52375466,1.0,0.0,0
-1.0043726,-1.6264441,-0.17326955,0.17932448,-0.29375222,0.0,1.0,0
0.74850285,0.46908614,-1.1955292,0.9678327,-0.4509651,1.0,0.0,0
0.4480099,0.53668386,0.1748513,-0.010316731,-0.89116114,1.0,0.0,0
-0.503551,0.13109738,0.1969542,-0.21992017,-1.0326527,1.0,0.0,0
0.94883144,0.6042816,0.42350906,-0.54929703,-0.9697676,1.0,0.0,0
-0.9542904,-1.0856621,0.2908916,-0.17999572,1.6242447,1.0,0.0,0
-0.7539618,-0.47728235,0.8434644,-1.3278241,0.16216508,0.0,1.0,0
1.0990779,0.7394771,0.4898178,-0.93856055,-0.042211656,0.0,0.0,0
-1.3549476,-1.2208576,-0.27273268,0.09947555,-1.4414061,1.0,0.0,0
-0.65379745,-0.34208685,-0.4771846,0.03958885,0.0049522053,0.0,0.0,0
1.8503102,2.0238342,0.85451585,-1.1980696,-1.0012101,1.0,0.0,0
0.39792776,1.2802591,-0.22852685,-0.07020343,-1.3313571,1.0,0.0,0
0.24768129,0.40148836,-0.7092652,0.71830475,1.4670318,0.0,0.0,0
-0.80404395,-1.2884554,-0.9081914,1.0776249,-0.21514581,1.0,0.0,0
1.2994065,0.13109738,6.280781,-2.9148216,-0.37235868,0.0,1.0,1
-0.2030581,0.06349964,-1.0076544,0.8680215,-0.18370323,0.0,1.0,0
-1.5552763,-1.3560531,-1.1457977,1.3870395,-1.5828977,1.0,0.0,0
-0.6037153,-0.20689136,-0.5545448,0.5785691,-0.41952252,0.0,1.0,0
0.24768129,0.33389062,-0.91924286,0.738267,-0.81255466,1.0,0.0,0
-0.4033867,-1.0180644,-0.45508167,0.46877685,1.3727041,1.0,0.0,0
0.097434826,0.19869514,-0.72584236,0.2491923,-1.6929467,0.0,0.0,0
-1.0043726,-0.8828688,-0.018549178,-0.04026008,-0.13653937,0.0,0.0,0
-0.80404395,-1.0856621,-0.13458946,0.009645501,1.1211635,1.0,0.0,0
0.798585,0.33389062,1.3628829,-1.2878996,-1.1427017,0.0,0.0,0
0.94883144,0.67187935,-0.9026657,0.48873907,1.2312125,1.0,0.0,0
0.39792776,1.6858456,-0.64295644,0.7282859,0.2407715,1.0,0.0,0
-0.25314024,-0.8152711,1.9154556,-1.9067289,0.14644378,0.0,1.0,0
0.84866714,0.33389062,-0.09038364,-0.5293348,1.1526061,1.0,0.0,0
0.39792776,1.5506501,-0.024074906,0.029607734,-0.5767354,0.0,1.0,0
-0.102893785,0.33389062,-0.23957829,-0.120109014,1.6871299,1.0,0.0,0
0.19759914,-0.34208685,-1.0518603,1.0377005,-1.2213081,1.0,0.0,0
-0.80404395,-0.34208685,-1.079489,0.5286636,0.22505021,0.0,1.0,0
0.4480099,0.40148836,-1.0463346,1.3770584,0.3665418,1.0,0.0,0
-0.9542904,-1.1532599,0.77715564,-0.6291459,1.2154913,0.0,1.0,0
-0.8541261,-1.5588464,0.98160756,-1.2878996,-1.5828977,0.0,1.0,0
0.19759914,-0.20689136,-0.3998244,-0.30975023,0.3665418,1.0,0.0,0
1.0990779,1.1450636,0.20247994,-0.5992026,-1.2527508,0.0,1.0,0
0.69842064,0.40148836,0.6003324,-0.92857945,-0.27803096,1.0,0.0,0
0.34784558,0.40148836,0.0035537337,1.2672662,-0.3566374,1.0,0.0,0
-0.4033867,0.26629287,0.16932558,-0.26982576,-1.1112591,1.0,0.0,0
0.34784558,1.2126614,-0.54349333,-0.18997683,-1.158423,1.0,0.0,0
0.74850285,0.7394771,1.0589678,-1.2080507,-0.1050968,1.0,0.0,0
-0.0027294774,-0.34208685,1.8215182,-1.7270688,-0.92260367,1.0,0.0,0
-1.0043726,-0.4096846,-0.27273268,0.049569968,-0.85971856,0.0,0.0,0
0.34784558,0.7394771,-0.91924286,0.98779494,-0.18370323,0.0,1.0,0
0.39792776,0.33389062,0.23563431,-0.88865495,1.3412615,0.0,0.0,0
0.94883144,0.6042816,0.27984014,-0.5692592,-0.026490368,0.0,0.0,0
-0.45346886,-0.9504666,-0.22300111,0.5087013,1.2154913,0.0,1.0,0
-2.2063441,-2.5728126,-0.62637925,0.8580404,0.2564928,1.0,0.0,0
0.5481742,1.0774659,-0.6761108,1.337134,-1.6929467,0.0,0.0,0
0.5481742,-0.13929361,-0.2561555,-0.110127896,0.6495249,1.0,0.0,0
-1.8557692,-1.8968351,0.5892809,-0.49939144,1.3255403,1.0,0.0,0
1.7000637,1.2802591,1.2799969,-0.8387494,1.4827532,1.0,0.0,0
0.14751698,0.13109738,-0.3777215,0.5186824,-0.938325,1.0,0.0,0
0.39792776,0.67187935,0.22458285,-0.33969358,0.020673491,0.0,1.0,0
-0.9542904,-0.74767333,-1.1292205,1.0377005,0.03639478,0.0,1.0,0
0.6483385,0.40148836,-0.9026657,0.75822926,-0.98548883,1.0,0.0,0
-0.25314024,-0.61247784,-0.35009286,0.77819145,1.8129002,1.0,0.0,0
-0.35330456,0.19869514,-0.7921511,0.738267,-1.4728488,1.0,0.0,0
-0.9542904,-1.6264441,-0.23957829,0.40889016,-0.05793294,0.0,0.0,0
-0.90420824,-1.3560531,2.374091,-1.8268799,-1.1898656,0.0,1.0,0
-0.05281163,-0.6800756,0.0753882,-0.00033561504,-0.3094735,1.0,0.0,0
0.94883144,0.33389062,-0.37219578,-0.030278964,1.2469338,0.0,0.0,0
-0.90420824,-1.0180644,6.291832,-2.9248028,-0.3409161,0.0,1.0,1
-0.9542904,-0.6800756,0.6721668,-0.17999572,-0.40380123,0.0,1.0,0
1.3995708,1.6182479,0.61690956,-1.2978808,1.4513105,1.0,0.0,0
0.8987493,0.19869514,-1.0960661,1.0476816,-0.6867844,1.0,0.0,1
-0.6037153,-0.5448801,-0.63190496,1.3870395,0.42942694,0.0,0.0,0
-0.503551,0.06349964,-0.28930986,0.7482481,0.2407715,0.0,1.0,0
0.34784558,-0.0040981136,-0.7976768,0.7981537,-0.3566374,1.0,0.0,0
1.2994065,0.13109738,-1.1844778,2.2354345,-0.24658838,1.0,0.0,1
2.150803,2.361823,6.0984316,-2.7251804,-1.3627998,1.0,0.0,0
1.8503102,1.8886389,-0.28378412,0.27913564,-0.84399724,0.0,0.0,0
-1.4050298,-0.9504666,-0.21747538,-0.28978798,0.83818036,1.0,0.0,0
0.19759914,-0.071695864,-0.9026657,0.34900346,-0.52957153,1.0,0.0,0
-0.55363315,0.19869514,-0.571122,-0.10014678,-1.1898656,1.0,0.0,0
-0.6037153,-0.9504666,0.9263503,-1.1880884,-0.07365423,0.0,1.0,0
0.34784558,0.67187935,0.3129945,-0.30975023,1.0425571,1.0,0.0,0
0.24768129,0.7394771,-0.26720694,0.25917342,-1.5200126,1.0,0.0,0
-0.6037153,-0.74767333,-0.7810996,1.1474928,-1.6929467,1.0,0.0,0
0.5481742,0.67187935,0.14169693,1.2273417,1.1840487,1.0,0.0,0
1.0990779,0.94227034,-0.5932249,0.5286636,-1.1741443,0.0,1.0,0
0.29776344,-0.34208685,0.20247994,-0.120109014,0.2564928,1.0,0.0,0
-1.2047012,-0.9504666,0.0753882,0.049569968,0.42942694,1.0,0.0,0
-0.35330456,-1.0856621,-0.5600705,0.22923006,-1.6929467,0.0,1.0,0
-0.55363315,0.06349964,0.26326296,-0.97848505,0.8539017,1.0,0.0,0
-0.9542904,-1.5588464,-1.383404,0.82809705,-1.0326527,1.0,0.0,0
-1.0544547,-1.3560531,-0.27273268,0.6184936,-1.598619,1.0,0.0,0
-1.3048655,-1.0180644,0.5727037,-0.6191648,0.38226306,1.0,0.0,0
-0.55363315,-0.071695864,-0.96344864,0.64843696,-0.5138503,1.0,0.0,0
-0.35330456,0.40148836,-0.45508167,0.20926782,-0.05793294,0.0,1.0,0
0.74850285,0.53668386,-0.15116665,-0.110127896,-1.5514551,1.0,0.0,0
1.3494886,1.3478569,0.6224353,-0.8986361,-0.41952252,0.0,1.0,0
1.0990779,0.67187935,1.6170663,-1.6771631,-0.5924567,1.0,0.0,0
-0.503551,0.19869514,-0.106960826,0.4987202,0.9953933,1.0,0.0,0
1.2493243,1.3478569,1.5839119,-1.4675597,1.4984744,0.0,1.0,0
0.9989136,0.80707484,-1.4883928,2.5248868,1.1683275,1.0,0.0,1
0.39792776,-0.4096846,-0.3611443,0.0695322,-0.05793294,0.0,0.0,0
-0.9542904,-0.74767333,-1.0297574,0.6184936,1.0268358,0.0,1.0,0
0.29776344,-0.4096846,0.053285286,0.33902234,1.970113,1.0,0.0,0
-1.7556049,-1.8292373,0.21905713,-0.54929703,0.9167868,1.0,0.0,0
-1.2547833,-1.2208576,0.5948066,-0.86869276,-1.6457828,1.0,0.0,0
0.4480099,0.53668386,1.0479163,-0.97848505,-0.85971856,1.0,0.0,0
1.4496529,1.5506501,-0.62637925,0.46877685,0.77529526,0.0,1.0,0
-2.2063441,-2.5728126,0.24668576,-0.6391271,-0.41952252,0.0,1.0,0
-1.5051941,-1.4912486,-1.2342093,2.1156611,1.4513105,1.0,0.0,1
0.24768129,-0.20689136,0.8047843,-1.058334,0.5080334,0.0,1.0,0
-0.2030581,0.6042816,-0.035126362,-0.81878716,-0.26230967,1.0,0.0,0
-1.3048655,-0.6800756,1.622592,-1.7370498,0.83818036,1.0,0.0,0
-0.45346886,0.13109738,0.9484532,-1.1880884,-1.4256848,0.0,1.0,0
0.49809206,0.6042816,0.16932558,-0.5992026,1.3255403,1.0,0.0,0
-1.0544547,-0.6800756,-0.062755,-0.24986352,-0.84399724,1.0,0.0,0
-1.3048655,-0.47728235,1.2136881,-1.5174654,-0.41952252,1.0,0.0,0
1.800228,2.0238342,0.1969542,-0.17001459,-0.84399724,1.0,0.0,0
0.047352675,1.0098681,-0.3777215,0.71830475,1.4670318,1.0,0.0,0
1.4496529,1.6182479,0.66111535,-0.6890327,0.69668883,0.0,1.0,0
1.6499816,1.7534434,-0.3169385,0.4388335,-0.5452928,0.0,1.0,0
1.800228,1.2126614,-1.7536278,2.6746035,0.63380367,1.0,0.0,1
0.4480099,0.19869514,-0.54901904,0.75822926,0.5080334,1.0,0.0,0
0.29776344,0.40148836,-0.47165886,-0.030278964,-0.63962054,1.0,0.0,0
1.2493243,0.26629287,-0.6871623,0.81811595,0.14644378,1.0,0.0,0
0.047352675,-0.2744891,0.009079462,-0.2997691,-0.18370323,1.0,0.0,0
0.24768129,-0.071695864,-1.0850147,2.365189,0.2564928,0.0,1.0,0
-1.154619,-1.8292373,-1.6044331,2.275359,-0.95404625,0.0,0.0,0
-0.05281163,-0.13929361,0.97608185,-1.1781074,0.14644378,1.0,0.0,0
0.798585,0.40148836,0.0753882,-0.110127896,-1.6929467,0.0,1.0,0
-0.7038796,-0.0040981136,-0.15116665,-0.24986352,-1.268472,0.0,1.0,0
0.798585,0.46908614,0.54507506,-0.6191648,1.3884254,1.0,0.0,0
0.6483385,0.67187935,0.08091392,0.76821035,-0.37235868,1.0,0.0,0
-0.503551,0.06349964,0.4345605,-1.0782962,-0.71822697,1.0,0.0,0
-1.3549476,-1.1532599,-0.44403023,1.9559633,1.5613595,0.0,1.0,1
0.24768129,1.0098681,-1.2342093,0.9678327,-0.828276,1.0,0.0,0
0.6483385,0.53668386,-0.04617782,1.337134,-0.7968334,1.0,0.0,0
0.047352675,1.0774659,-0.051703546,-0.33969358,-0.52957153,1.0,0.0,0
-1.5051941,-1.2884554,-1.018706,1.1375116,-0.49812895,0.0,1.0,0
1.9003923,1.6858456,0.63901246,-1.1980696,0.97967196,0.0,0.0,0
-0.8541261,-0.9504666,0.24668576,-1.068315,0.8539017,1.0,0.0,0
-0.6037153,-0.20689136,0.23563431,0.4987202,-1.5200126,1.0,0.0,0
-0.4033867,0.19869514,-0.60980207,0.009645501,-1.3313571,1.0,0.0,0
1.8503102,1.8210411,0.1361712,0.019626617,0.66524625,0.0,0.0,0
1.9003923,1.9562366,0.16932558,-0.4195425,0.6180824,0.0,0.0,0
-2.2063441,-2.505215,-0.62637925,0.54862577,-0.85971856,0.0,1.0,0
0.4480099,0.67187935,-1.2342093,1.6465486,0.19360764,1.0,0.0,0
-0.90420824,-1.1532599,-0.50481325,0.3290412,1.4355893,0.0,1.0,0
-1.2547833,-0.4096846,-1.2231579,1.8162276,0.6023611,1.0,0.0,0
-0.55363315,-0.74767333,-0.4771846,0.07951332,-1.5200126,1.0,0.0,0
-1.2047012,-1.0856621,0.16379984,-0.17001459,-0.23086709,0.0,1.0,0
-0.102893785,0.13109738,-0.01302345,-0.33969358,1.309819,0.0,0.0,0
0.6483385,-0.0040981136,-0.04065209,-0.36963692,-1.6615041,0.0,0.0,0
1.4496529,1.6858456,-1.0076544,1.4968319,-1.5042913,0.0,0.0,0
0.4480099,1.4154546,0.9484532,-1.1182207,-0.52957153,1.0,0.0,0
-0.65379745,-0.13929361,-0.5766477,0.87800264,-0.5767354,0.0,1.0,0
0.19759914,-0.2744891,-0.101435095,-0.49939144,0.17788635,0.0,1.0,0
0.19759914,0.8746726,-1.0463346,1.6465486,-1.2055868,0.0,1.0,0
-0.55363315,-0.0040981136,1.3905114,-1.2379941,0.9167868,1.0,0.0,0
-1.2547833,-0.9504666,0.25221148,-0.23988241,-1.6615041,1.0,0.0,0
0.047352675,-0.5448801,-0.47165886,0.4388335,-1.3942423,0.0,1.0,0
-1.3549476,-0.9504666,-0.29483557,0.25917342,-0.042211656,1.0,0.0,0
0.097434826,1.2126614,-0.4164016,0.44881463,1.1211635,1.0,0.0,0
-1.2547833,-0.4096846,-0.3169385,-0.07020343,0.06783735,0.0,1.0,0
-0.90420824,-0.8152711,-0.571122,1.1874173,0.7124101,0.0,0.0,0
0.94883144,0.19869514,-0.3003613,0.6284747,-1.3156358,1.0,0.0,0
-1.2047012,-0.8828688,0.66111535,-0.7888438,-0.92260367,0.0,0.0,0
1.5998994,0.94227034,-1.1900035,1.4169829,1.8915066,1.0,0.0,1
-1.3549476,-0.8152711,0.04775956,0.1294189,0.5080334,0.0,1.0,0
-1.2547833,-0.47728235,0.46218917,-0.65908927,-0.52957153,1.0,0.0,0
0.19759914,0.80707484,1.6115406,-1.6572009,0.39798436,0.0,1.0,0
1.6499816,1.0098681,-0.70373946,1.5567186,-0.63962054,1.0,0.0,0
-0.503551,0.06349964,0.688744,-1.0283906,-0.29375222,1.0,0.0,0
1.9504745,2.15903,-0.32246423,0.40889016,1.4041467,1.0,0.0,0
-1.0544547,-1.6264441,-0.2561555,-0.39958027,0.83818036,0.0,0.0,0
-0.3032224,-0.5448801,0.09196538,-0.42952362,-0.5138503,1.0,0.0,0
0.29776344,1.1450636,-0.62085354,0.45879573,-0.3251948,0.0,0.0,0
0.14751698,0.80707484,-0.875037,2.5149057,0.44514823,0.0,1.0,1
-2.0560977,-2.3700192,0.30194303,-0.6790515,-0.828276,0.0,0.0,0
-1.1045369,-1.6940418,-0.81977975,0.8580404,0.020673491,1.0,0.0,0
0.6483385,0.26629287,-0.0074977223,-0.16003348,1.3727041,1.0,0.0,0
1.0990779,0.67187935,-0.35009286,0.738267,0.83818036,0.0,1.0,0
-0.102893785,-0.61247784,-1.018706,1.6665108,-1.5828977,0.0,1.0,0
-1.3549476,-0.8828688,0.63901246,-0.5892215,-1.3627998,0.0,1.0,0
-0.45346886,0.33389062,-0.3777215,-0.16003348,0.6023611,1.0,0.0,0
0.39792776,1.0774659,-0.12906374,-0.43950474,-1.4728488,1.0,0.0,0
0.097434826,1.0098681,0.5506008,-0.88865495,-1.2055868,1.0,0.0,0
0.5481742,-0.0040981136,-0.5876992,0.8081348,-1.4728488,0.0,1.0,0
0.798585,0.6042816,0.5119207,-0.8387494,1.2783765,1.0,0.0,0
-1.2047012,-1.0856621,-0.4385045,0.029607734,1.3727041,1.0,0.0,0
0.39792776,0.8746726,-0.41087586,0.31906012,0.083558634,0.0,1.0,0
-1.2547833,-0.9504666,-0.5655962,0.3290412,-1.158423,1.0,0.0,0
-0.8541261,-1.0856621,-0.001971994,0.33902234,-0.60817796,0.0,1.0,0
1.2493243,1.0774659,0.30746877,-1.0483528,-1.1427017,1.0,0.0,0
1.2493243,0.7394771,-0.0074977223,-0.31973132,1.5770808,1.0,0.0,0
-0.80404395,-0.9504666,-0.5876992,0.70832366,-0.1050968,1.0,0.0,0
0.14751698,1.1450636,0.06433674,-0.3596558,-0.37235868,0.0,1.0,0
-1.0043726,-0.6800756,-0.8087283,1.5866619,-0.4509651,0.0,1.0,0
-0.15297593,-0.5448801,-0.76452243,1.4070019,0.16216508,1.0,0.0,0
0.24768129,-0.20689136,0.11406829,-0.97848505,0.49231207,1.0,0.0,0
-1.9058512,-2.0320306,-0.12906374,-0.23988241,-1.2999146,0.0,1.0,0
1.0990779,1.1450636,-0.6982137,0.64843696,0.6180824,0.0,0.0,0
0.39792776,0.6042816,-1.261838,1.5766808,0.16216508,1.0,0.0,0
-0.4033867,-1.0856621,-0.7589967,0.76821035,-1.3156358,1.0,0.0,0
0.34784558,-0.2744891,1.4955003,-1.397692,1.3727041,1.0,0.0,0
-1.3549476,-1.1532599,-1.0960661,1.1874173,-0.89116114,0.0,1.0,0
0.6483385,0.7394771,-0.2616812,0.119437784,1.8129002,0.0,1.0,0
-0.80404395,-0.4096846,-0.8529341,0.99777603,1.4670318,1.0,0.0,0
-0.7038796,-0.5448801,0.01460519,0.83807814,-1.0326527,1.0,0.0,0
-0.65379745,-0.071695864,0.61690956,-1.0483528,-1.0326527,1.0,0.0,0
0.8987493,0.8746726,0.46771488,-0.8387494,0.5866398,0.0,1.0,0
0.29776344,0.6042816,-0.37219578,0.75822926,-0.5138503,1.0,0.0,0
0.74850285,0.26629287,-0.3611443,-0.010316731,-0.85971856,1.0,0.0,0
-1.2547833,-1.2208576,0.46771488,-0.9086172,1.2312125,0.0,1.0,0
0.047352675,1.0774659,0.2743144,-0.20993906,-1.1112591,0.0,0.0,0
1.14916,0.06349964,-1.0297574,1.0876061,-1.1269804,1.0,0.0,1
-0.80404395,-0.2744891,0.63901246,-0.97848505,0.6023611,1.0,0.0,0
-1.5051941,-1.4236509,-0.50481325,0.5586069,1.0111145,0.0,0.0,0
0.047352675,-0.47728235,0.42350906,-0.7988249,1.4355893,1.0,0.0,0
-0.4033867,-0.61247784,-1.0739632,2.0657554,1.309819,1.0,0.0,1
-0.9542904,-0.0040981136,-0.8087283,0.309079,-0.6710631,0.0,1.0,0
-1.4050298,-1.4236509,-1.1789521,3.5329795,1.0111145,1.0,0.0,1
-1.2047012,-0.34208685,-0.91924286,1.0576627,-0.828276,1.0,0.0,0
1.14916,1.2802591,-0.5821734,1.1874173,1.0268358,1.0,0.0,0
-0.9542904,-0.74767333,-1.0408088,1.2373228,-0.08937551,1.0,0.0,0
0.34784558,0.8746726,-0.09590937,-0.47942922,-0.938325,1.0,0.0,0
1.2493243,0.19869514,0.2908916,-0.7389382,1.0425571,1.0,0.0,0
0.39792776,0.67187935,0.21353139,0.4388335,-0.3409161,1.0,0.0,0
0.29776344,-0.4096846,-1.2563123,0.5186824,-0.5452928,0.0,1.0,0
0.097434826,-0.13929361,-0.6705851,0.9279082,-1.4414061,1.0,0.0,0
-0.9542904,-0.8152711,-0.5876992,0.81811595,-0.71822697,0.0,1.0,0
-1.1045369,-1.4912486,1.2247396,-1.1082395,0.31937793,1.0,0.0,0
0.84866714,0.06349964,1.1252766,-1.2679374,1.6085234,0.0,1.0,0
0.24768129,1.0774659,-0.23405257,0.049569968,1.1368848,1.0,0.0,0
0.84866714,0.6042816,-1.322621,2.2653778,-1.1269804,0.0,1.0,0
0.19759914,-0.47728235,0.7274241,-0.49939144,1.5928022,1.0,0.0,0
-0.503551,-0.0040981136,-1.1126434,1.6365675,-1.2370294,0.0,1.0,0
-0.6037153,-0.20689136,-0.18984674,-0.10014678,0.3665418,1.0,0.0,0
1.2493243,1.2126614,2.6724803,-2.0863888,-0.52957153,0.0,1.0,0
-0.90420824,-1.1532599,-0.44955596,0.17932448,0.38226306,1.0,0.0,0
-0.7539618,-1.2208576,0.63348675,-1.2878996,-1.48857,1.0,0.0,0
1.14916,0.6042816,-0.8860885,0.9279082,-1.158423,1.0,0.0,1
1.800228,2.0238342,-0.09590937,-0.4195425,0.39798436,1.0,0.0,0
-0.6037153,-0.9504666,0.3295717,-0.69901377,-0.1050968,1.0,0.0,0
1.1992422,1.2126614,0.020130917,-0.88865495,-0.18370323,1.0,0.0,0
-0.90420824,-0.6800756,-0.6982137,0.7881726,-0.16798195,0.0,1.0,0
1.1992422,0.67187935,0.086439654,0.059551083,1.529917,1.0,0.0,0
1.6499816,0.8746726,-0.8087283,0.738267,-1.4099636,1.0,0.0,0
-1.0043726,-0.74767333,-1.1071175,1.1375116,-0.6238992,0.0,1.0,0
-0.8541261,-0.9504666,0.16932558,-0.5193537,1.0582784,1.0,0.0,0
0.49809206,0.40148836,0.56165224,-0.65908927,-1.5042913,1.0,0.0,0
-0.45346886,-1.0856621,0.8489901,-0.8387494,-0.6710631,1.0,0.0,0
-1.0544547,-1.0180644,-0.37219578,0.5087013,-0.5924567,1.0,0.0,0
-0.6037153,-0.61247784,-0.94687146,1.0776249,0.11500121,1.0,0.0,0
-1.6554406,-1.3560531,-0.024074906,-0.31973132,1.6085234,1.0,0.0,0
0.4480099,0.67187935,0.15274839,-0.5692592,0.3508205,0.0,1.0,0
0.798585,0.53668386,0.04775956,-0.5792404,0.55519724,0.0,1.0,0
1.1992422,0.6042816,-0.38877296,0.15936224,0.2564928,0.0,1.0,0
-0.45346886,0.06349964,-0.29483557,0.0695322,-1.0798166,1.0,0.0,0
0.097434826,0.94227034,-0.18432102,-0.38959914,0.52375466,0.0,0.0,0
0.19759914,-0.20689136,-0.9523972,1.1175494,0.55519724,0.0,1.0,0
0.19759914,-0.2744891,-0.018549178,-0.54929703,0.72813135,1.0,0.0,0
1.9504745,2.091432,0.7108469,-0.55927813,0.46086952,0.0,1.0,0
-0.45346886,0.06349964,-0.91924286,1.5567186,0.0049522053,1.0,0.0,0
0.9989136,0.80707484,-0.6705851,0.94787043,-1.4256848,0.0,1.0,0
-0.80404395,-1.2208576,0.24668576,0.09947555,1.309819,0.0,1.0,0
0.047352675,1.0098681,0.053285286,-0.5293348,1.2783765,1.0,0.0,0
0.4480099,0.7394771,-0.3777215,-0.07020343,-0.26230967,1.0,0.0,0
0.84866714,0.13109738,-1.261838,1.7363787,-1.0640953,1.0,0.0,1
-0.15297593,-0.5448801,-1.0684375,1.7363787,0.47659078,1.0,0.0,0
0.24768129,0.40148836,-0.22300111,0.5186824,-1.5671765,1.0,0.0,0
0.59825635,0.06349964,0.6997955,-0.50937253,-1.1112591,0.0,1.0,0
0.39792776,-0.071695864,2.7719433,-2.076408,1.3569828,0.0,0.0,0
-0.6037153,-0.13929361,-0.16774383,-0.37961805,-0.7968334,1.0,0.0,0
-1.2547833,-0.9504666,-0.60980207,1.0476816,0.33509922,0.0,1.0,0
-1.3549476,-0.9504666,-0.15669237,-0.42952362,0.19360764,1.0,0.0,0
0.24768129,0.13109738,0.1748513,-0.5393159,1.8915066,0.0,1.0,0
-0.90420824,-0.6800756,-0.26720694,-0.17001459,0.20932893,1.0,0.0,0
-0.25314024,-0.6800756,0.8931959,-1.1381829,-0.15226066,0.0,1.0,0
-0.25314024,0.06349964,-0.996603,2.10568,-0.63962054,0.0,1.0,0
1.8503102,1.4830524,-0.28930986,-0.5992026,-0.21514581,1.0,0.0,0
2.2008853,2.429421,-0.16221811,-0.110127896,1.4355893,0.0,1.0,0
0.24768129,0.94227034,0.9374018,-0.76888156,-0.6867844,1.0,0.0,0
1.2493243,1.0098681,2.4625027,-2.1163323,1.2940977,1.0,0.0,0
-0.102893785,0.40148836,0.85451585,-0.86869276,0.20932893,0.0,1.0,0
-1.3048655,-1.0856621,-0.12353801,0.09947555,-1.4099636,0.0,1.0,0
0.14751698,0.19869514,-0.9800258,2.025831,1.5456383,1.0,0.0,1
-0.65379745,-0.071695864,-0.74794525,0.70832366,-0.6867844,1.0,0.0,0
1.0990779,0.94227034,-0.7810996,0.71830475,1.4827532,0.0,1.0,0
0.34784558,0.06349964,0.32404596,-0.718976,-0.4509651,1.0,0.0,0
-0.90420824,-0.61247784,-0.60980207,0.8480593,0.88534427,1.0,0.0,0
-0.45346886,-0.8152711,-0.20642392,0.66839916,1.4041467,1.0,0.0,0
0.29776344,1.3478569,0.14722265,-0.98846614,0.31937793,1.0,0.0,0
1.14916,0.46908614,0.10854256,-0.6091837,0.17788635,0.0,1.0,0
-0.6037153,-0.071695864,-1.0408088,0.71830475,-0.5452928,1.0,0.0,0
-1.1045369,-1.4912486,0.45666343,-0.7888438,-1.4099636,0.0,1.0,0
-1.2547833,-0.74767333,-1.4331355,0.8480593,-1.3942423,0.0,1.0,0
1.14916,0.94227034,-0.024074906,0.17932448,-0.48240766,1.0,0.0,0
0.047352675,1.0098681,-0.47165886,1.2373228,-0.27803096,1.0,0.0,0
-0.4033867,0.19869514,-1.0352831,0.88798374,2.0487194,1.0,0.0,1
-0.4033867,-0.61247784,-0.2008982,-0.5293348,-1.598619,0.0,1.0,0
-1.4050298,-1.1532599,1.41814,-1.6172764,-0.73394823,1.0,0.0,0
-0.65379745,-1.0180644,-0.31141275,0.2491923,-0.9697676,1.0,0.0,0
0.29776344,1.2126614,-0.3777215,0.13940002,-1.0798166,1.0,0.0,0
-0.2030581,0.67187935,0.931876,-0.8986361,0.22505021,1.0,0.0,0
0.29776344,0.33389062,-0.42745304,0.1294189,-0.6238992,0.0,1.0,0
0.14751698,1.0098681,0.52297217,-0.80880606,-1.1269804,1.0,0.0,0
0.8987493,0.53668386,0.4345605,-0.21992017,-0.7653908,0.0,1.0,0
-1.4050298,-1.4236509,-1.1181691,1.8062464,1.19977,1.0,0.0,0
-2.3065085,-2.8432035,-0.73136806,1.0676439,1.3255403,1.0,0.0,0
0.24768129,-0.20689136,-1.0960661,1.0876061,0.46086952,0.0,1.0,0
0.39792776,1.6858456,-0.12353801,-0.08018455,-0.010769081,1.0,0.0,0
-1.5552763,-1.4912486,-1.4055068,1.2073795,-0.120818086,1.0,0.0,0
1.14916,1.2126614,-1.018706,1.0077572,-0.05793294,0.0,1.0,0
-1.3048655,-1.1532599,-0.37219578,0.54862577,-1.6615041,1.0,0.0,0
0.84866714,0.80707484,-0.6705851,-0.19995794,0.9167868,1.0,0.0,0
-0.55363315,-0.071695864,-0.74794525,0.13940002,-1.378521,0.0,1.0,0
0.8987493,0.13109738,-0.45508167,0.03958885,1.6556873,1.0,0.0,0
-0.90420824,-1.5588464,0.78268135,-0.8986361,-0.37235868,0.0,1.0,0
-0.503551,-0.0040981136,-1.1181691,1.7363787,0.6023611,0.0,1.0,0
-0.05281163,0.26629287,-0.9523972,1.3271528,1.4670318,0.0,1.0,0
-0.65379745,-0.2744891,0.6942697,-0.88865495,1.1054423,1.0,0.0,0
1.1992422,0.7394771,-0.30588704,0.58855027,0.9639507,1.0,0.0,0
-0.7038796,-0.4096846,-0.4385045,0.3789468,0.47659078,0.0,1.0,0
-0.7539618,-0.34208685,-0.6153278,0.34900346,-0.3251948,1.0,0.0,0
-0.9542904,-1.4236509,0.41245762,-0.4195425,1.3884254,1.0,0.0,0
0.14751698,-0.071695864,-0.74241954,1.2073795,1.529917,0.0,0.0,0
-0.4033867,-1.0856621,1.8657241,-1.6072954,-1.6300616,1.0,0.0,0
-1.3048655,-1.0856621,-0.94134575,1.0576627,1.7657362,1.0,0.0,1
-0.45346886,0.06349964,-0.70373946,0.4388335,-1.3156358,0.0,1.0,0
-0.80404395,-1.2884554,-0.7976768,0.39890903,-0.24658838,1.0,0.0,0
-0.25314024,-0.0040981136,-0.20642392,-0.15005235,-0.8754398,1.0,0.0,0
0.5481742,0.7394771,1.9320328,-1.6172764,0.97967196,1.0,0.0,0
1.5498173,0.7394771,0.30194303,-0.44948584,-1.48857,0.0,1.0,0
0.29776344,1.3478569,-0.32246423,0.08949443,0.38226306,1.0,0.0,0
-1.3549476,-0.8828688,-0.60427636,0.27913564,0.7124101,0.0,0.0,0
0.24768129,-0.4096846,1.8657241,-1.6172764,-1.2055868,0.0,1.0,0
1.3494886,1.6182479,-0.52691615,0.8680215,-1.5514551,1.0,0.0,0
0.8987493,0.19869514,-0.3169385,0.13940002,-0.7025057,1.0,0.0,0
0.29776344,0.06349964,0.009079462,0.19928671,-1.3313571,1.0,0.0,0
1.4496529,1.6858456,0.06433674,-0.00033561504,-1.378521,0.0,1.0,0
-0.35330456,0.26629287,1.0258135,-1.317843,0.9325081,1.0,0.0,0
-0.7539618,-0.9504666,-1.079489,1.2972095,0.099279925,0.0,1.0,0
0.047352675,-0.4096846,0.15827411,-0.030278964,-1.0326527,1.0,0.0,0
-0.0027294774,-0.34208685,1.0810707,-1.1082395,-0.40380123,0.0,0.0,0
0.59825635,0.7394771,0.19142848,-0.5692592,-1.6300616,0.0,1.0,0
-0.05281163,-0.34208685,-0.70373946,1.7862842,-0.7653908,0.0,1.0,0
-0.90420824,-1.1532599,1.5728605,-1.577352,-0.92260367,0.0,0.0,0
-0.7539618,-0.4096846,0.7274241,-0.81878716,0.0049522053,0.0,0.0,0
0.047352675,0.33389062,-0.25062975,0.41887128,0.14644378,1.0,0.0,0
-0.45346886,0.13109738,0.32404596,-0.65908927,-1.378521,1.0,0.0,0
-0.4033867,0.40148836,0.9097731,-0.93856055,0.8224591,0.0,0.0,0
-0.35330456,-0.6800756,-0.51033896,1.0377005,0.5080334,1.0,0.0,0
0.34784558,0.7394771,-0.3390414,0.6783803,0.9010655,1.0,0.0,0
0.34784558,0.53668386,-0.3556186,0.19928671,0.6180824,1.0,0.0,0
-0.503551,0.06349964,0.88214445,-0.70899487,-0.3251948,1.0,0.0,0
0.34784558,0.06349964,0.14169693,0.019626617,-0.41952252,1.0,0.0,0
0.84866714,0.13109738,-0.3777215,1.1075683,-1.5671765,1.0,0.0,0
1.7000637,1.1450636,-0.73689383,0.70832366,1.6556873,1.0,0.0,0
0.19759914,-0.2744891,-0.5932249,0.46877685,1.3255403,1.0,0.0,0
-1.0043726,-0.6800756,-0.5545448,-0.15005235,-1.158423,0.0,1.0,0
0.94883144,0.6042816,-0.54349333,0.3689657,-1.6929467,0.0,1.0,0
0.29776344,0.46908614,1.1639566,-0.93856055,0.9953933,1.0,0.0,0
0.19759914,1.1450636,-0.14564092,-0.00033561504,-0.89116114,1.0,0.0,0
-0.102893785,-0.34208685,-0.35009286,0.4388335,-1.4728488,1.0,0.0,0
-0.35330456,-0.8152711,-1.0960661,0.76821035,1.4355893,1.0,0.0,0
-0.35330456,0.33389062,-0.42745304,0.049569968,-1.3156358,0.0,1.0,0
0.34784558,0.8746726,0.12511975,-0.28978798,-0.78111213,0.0,1.0,0
1.8503102,1.8886389,-0.50481325,0.44881463,-0.828276,1.0,0.0,0
-1.5051941,-1.5588464,1.0589678,-1.148164,1.2312125,1.0,0.0,0
1.7000637,1.8210411,-0.9745001,0.54862577,-1.2841933,1.0,0.0,0
0.84866714,0.8746726,0.931876,-0.94854164,-0.48240766,1.0,0.0,0
-1.6053584,-1.6940418,-0.53244185,-0.08018455,-1.48857,0.0,1.0,0
0.14751698,-0.2744891,0.3350974,-0.5393159,1.089721,1.0,0.0,0
-0.102893785,-0.20689136,-0.31141275,-0.04026008,-0.3251948,1.0,0.0,0
-1.3048655,-0.9504666,-1.4552385,1.3570962,-0.07365423,1.0,0.0,0
-1.1045369,-1.8292373,-1.239735,1.3970207,1.1368848,0.0,1.0,0
0.097434826,1.0098681,-0.13458946,-0.31973132,-1.268472,0.0,0.0,0
-0.35330456,-0.61247784,-0.38324723,0.109456666,0.16216508,1.0,0.0,0
0.39792776,1.2802591,-1.0131803,0.42885238,1.6714085,0.0,1.0,0
